Grant,Sponsored Program,Region,Country,Code
908166,90003752,ANE/LAC,Pakistan,PK
908167,90003786,ESA,Mozambique,MZ
908288,90007639,WCA,Madagascar,MG
908283,90007647,ESA,Mozambique,MZ
908285,90007650,ANE/LAC,Afghanistan,AF
907848,90022752,ESA,Mozambique,MZ
908107,90022902,Global,Global,US
907850,90023650,ESA,Mozambique,MZ
907797,90023653,ANE/LAC,Afghanistan,AF
908271,90027299,ANE/LAC,Philippines,PH
907951,90027428,ANE/LAC,Afghanistan,AF
907992,90027959,ANE/LAC,Afghanistan,AF
908283,90029298,ESA,Mozambique,MZ
908283,90033064,ESA,Mozambique,MZ
103059,90033530,ESA,Zambia,ZM
103961,90034925,ESA,Tanzania,TZ
908173,90034931,ANE/LAC,Angola,AO
104114,90035097,WCA,Nigeria,NG
104076,90035145,ESA,Zambia,ZM
908283,90035429,ESA,Mozambique,MZ
104321,90035454,ESA,Tanzania,TZ
104309,90035527,MCHIP - Core,Global,US
104321,90035547,ESA,Tanzania,TZ
104114,90036515,WCA,Nigeria,NG
105130,90036930,ESA,Swaziland,SZ
105248,90037149,ANE/LAC,Peru,PE
105346,90037290,ESA,Zambia,ZM
105346,90037291,ESA,Zambia,ZM
104309,90037638,MCHIP - Core,Global,US
104309,90037639,ESA,Mozambique,MZ
104309,90037640,ESA,Mozambique,MZ
104309,90037641,WCA,Nigeria,NG
104309,90037642,WCA,Nigeria,NG
104309,90037643,ESA,Kenya,KE
104309,90037644,ESA,Kenya,KE
104309,90037672,MCHIP - Core,Global,US
104309,90037673,MCHIP - Core,Global,US
104309,90037674,MCHIP - Core,Global,US
104309,90037675,MCHIP - Core,Global,US
104309,90037676,WCA,Burkina-Faso,BF
104309,90037677,WCA,Burkina-Faso,BF
105828,90037961,WCA,Cote D'Ivoire,CI
105828,90037962,WCA,Cote D'Ivoire,CI
105842,90038120,WCA,Liberia,LR
105956,90038211,ESA,Zambia,ZM
105956,90038212,ESA,Zambia,ZM
105956,90038214,ESA,Zambia,ZM
105956,90038216,ESA,Zambia,ZM
105956,90038217,ESA,Zambia,ZM
105956,90038218,ESA,Zambia,ZM
104309,90038498,ANE/LAC,India,IN
104309,90038499,ANE/LAC,India,IN
104114,90038701,WCA,Nigeria,NG
106291,90038825,ESA,Mozambique,MZ
106291,90038826,ESA,Mozambique,MZ
106291,90038827,ESA,Mozambique,MZ
106291,90038828,ESA,Mozambique,MZ
106291,90038829,ESA,Mozambique,MZ
106291,90038830,ESA,Mozambique,MZ
104309,90038896,ESA,Tanzania,TZ
104309,90038897,ESA,Tanzania,TZ
104309,90039086,WCA,Liberia,LR
104309,90039087,WCA,Liberia,LR
106679,90039292,ESA,Botswana,BW
106679,90039293,ESA,Botswana,BW
106681,90039294,ESA,Kenya,KE
106681,90039295,ESA,Kenya,KE
106291,90039311,ESA,Mozambique,MZ
106291,90039312,ESA,Mozambique,MZ
101858,90039406,ESA,Ethiopia,ET
101858,90039407,ESA,Ethiopia,ET
104309,90039525,ESA,South Africa,ZA
104309,90039526,ESA,South Africa,ZA
104309,90039527,ESA,Swaziland,SZ
104309,90039528,ESA,Swaziland,SZ
104309,90039529,ESA,Lesotho,LS
104309,90039530,ESA,Lesotho,LS
104309,90039531,ESA,Malawi,MW
104309,90039532,ESA,Malawi,MW
104309,90039533,ANE/LAC,Indonesia,ID
104309,90039534,ANE/LAC,Indonesia,ID
104309,90039535,ESA,Rwanda,RW
104309,90039536,ESA,Rwanda,RW
104309,90039537,ESA,Kenya,KE
106808,90039545,WCA,Nigeria,NG
106808,90039546,WCA,Nigeria,NG
107023,90039942,ANE/LAC,Bangladesh,BD
104309,90039984,ANE/LAC,Bolivia,BO
104309,90040045,ANE/LAC,Bolivia,BO
104309,90040046,ANE/LAC,Paraguay,PY
104309,90040047,ANE/LAC,Paraguay,PY
107058,90040065,Global,Global,GL
107061,90040073,ESA,Kenya,KE
107061,90040074,ESA,Kenya,KE
104309,90040249,WCA,Madagascar,MG
104309,90040250,WCA,Madagascar,MG
104321,90040529,ESA,Tanzania,TZ
104321,90040530,ESA,Tanzania,TZ
104321,90040531,ESA,Tanzania,TZ
104321,90040532,ESA,Tanzania,TZ
104321,90040533,ESA,Tanzania,TZ
104321,90040534,ESA,Tanzania,TZ
104321,90040535,ESA,Tanzania,TZ
104321,90040536,ESA,Tanzania,TZ
104309,90040615,ANE/LAC,Nepal,NP
104309,90040616,ANE/LAC,Nepal,NP
104309,90040848,ESA,South Africa,ZA
104309,90040849,ESA,South Africa,ZA
104321,90041250,ESA,Tanzania,TZ
107061,90041388,ESA,Kenya,KE
104309,90042165,MCHIP - Core,Global,US
104309,90042166,WCA,Ghana,GH
104309,90042167,WCA,Ghana,GH
104309,90042168,WCA,Ghana,GH
104309,90042169,MCHIP - Core,Global,US
104309,90042170,WCA,Sierra Leone,SL
104309,90042171,ESA,Zimbabwe,ZW
104309,90042172,ESA,Zimbabwe,ZW
108154,90042247,ANE/LAC,Equatorial Guinea,GQ
104181,90042439,ESA,Botswana,BW
105842,90042443,WCA,Liberia,LR
907759,90042529,ESA,Tanzania,TZ
104321,90042538,ESA,Tanzania,TZ
104321,90042539,ESA,Tanzania,TZ
103961,90042540,ESA,Tanzania,TZ
104309,90043040,MCHIP - Core,Global,US
106679,90043045,ESA,South Africa,ZA
105346,90043118,ESA,Zambia,ZM
104309,90043392,ANE/LAC,Ukraine,UA
104309,90043393,ANE/LAC,Ukraine,UA
104309,90043394,ANE/LAC,Dominican Republic,DO
104309,90043395,ANE/LAC,Dominican Republic,DO
104309,90043396,WCA,Mali,ML
104309,90043397,WCA,Mali,ML
104309,90043398,WCA,Guinea,GN
104309,90043399,WCA,Guinea,GN
104309,90043400,ANE/LAC,Guyana,GY
104309,90043401,ANE/LAC,Guyana,GY
104309,90043402,ANE/LAC,Bangladesh,BD
104309,90043403,ANE/LAC,Bangladesh,BD
104309,90043404,ESA,Ethiopia,ET
104309,90043425,ESA,Ethiopia,ET
109000,90043487,ESA,Tanzania,TZ
109000,90043488,ESA,Tanzania,TZ
109055,90043640,ESA,Zambia,ZM
109055,90043641,ESA,Zambia,ZM
105346,90043825,ESA,Zambia,ZM
109317,90044146,Global,South Africa,ZA
109317,90044147,Global,South Africa,ZA
101858,90044282,ESA,Ethiopia,ET
101858,90044283,ESA,Ethiopia,ET
109364,90044339,ANE/LAC,India,IN
109364,90044340,ANE/LAC,India,IN
104309,90044554,ESA,Swaziland,SZ
104309,90044555,ESA,Swaziland,SZ
104309,90044556,ESA,Rwanda,RW
104309,90044557,ESA,Rwanda,RW
104309,90044558,MCHIP - Core,Global,US
109521,90044786,ESA,Kenya,KE
109521,90044790,ESA,Kenya,KE
109611,90044949,ESA,Ethiopia,ET
109648,90045022,ESA,Zambia,ZM
109648,90045023,ESA,Zambia,ZM
104321,90045192,ESA,Tanzania,TZ
104321,90045193,ESA,Tanzania,TZ
104321,90045194,ESA,Tanzania,TZ
104321,90045195,ESA,Tanzania,TZ
104321,90045197,ESA,Tanzania,TZ
104321,90045199,ESA,Tanzania,TZ
107061,90045296,ESA,Kenya,KE
107061,90045297,ESA,Kenya,KE
107061,90045298,ESA,Kenya,KE
107061,90045299,ESA,Kenya,KE
107061,90045300,ESA,Kenya,KE
109933,90045532,ESA,Kenya,KE
109933,90045533,ESA,Kenya,KE
109933,90045534,ESA,Kenya,KE
109933,90045535,ESA,Kenya,KE
109521,90045542,ESA,Kenya,KE
109521,90045543,ESA,Kenya,KE
109521,90046039,ESA,Kenya,KE
109521,90046040,ESA,Kenya,KE
109521,90046041,ESA,Kenya,KE
109521,90046042,ESA,Kenya,KE
109521,90046043,ESA,Kenya,KE
109521,90046044,ESA,Kenya,KE
109521,90046045,ESA,Kenya,KE
109521,90046046,ESA,Kenya,KE
109521,90046047,ESA,Kenya,KE
109521,90046048,ESA,Kenya,KE
109521,90046049,ESA,Kenya,KE
109521,90046050,ESA,Kenya,KE
109521,90046051,ESA,Kenya,KE
104309,90046089,ESA,Kenya,KE
104309,90046090,ESA,Kenya,KE
110284,90046091,ESA,Mozambique,MZ
110284,90046092,ESA,Mozambique,MZ
110274,90046125,WCA,Ghana,GH
110274,90046126,WCA,Ghana,GH
109521,90046157,ESA,Kenya,KE
109521,90046158,ESA,Kenya,KE
109521,90046159,ESA,Kenya,KE
109521,90046160,ESA,Kenya,KE
109521,90046161,ESA,Kenya,KE
109521,90046162,ESA,Kenya,KE
110387,90046216,WCA,Chad,TD
110387,90046217,WCA,Chad,TD
110387,90046218,WCA,Cameroon,CM
107058,90046486,Global,Paraguay,PY
107058,90046487,Global,Paraguay,PY
107058,90046843,Global,Peru,PE
107058,90046844,Global,Uganda,UG
109933,90046891,ESA,Kenya,KE
109933,90046892,ESA,Kenya,KE
109933,90046893,ESA,Kenya,KE
109933,90046894,ESA,Kenya,KE
109933,90046895,ESA,Kenya,KE
104309,90046896,ESA,South Sudan,SD
104309,90046897,ESA,South Sudan,SD
109521,90046898,ESA,Kenya,KE
110731,90046952,Global,Global,GL
107058,90046985,Global,Paraguay,PY
107058,90046986,Global,Namibia,NA
107058,90046987,Global,Nigeria,NG
110989,90047239,ANE/LAC,Indonesia,ID
110989,90047240,ANE/LAC,Indonesia,ID
104309,90047258,MCHIP - Core,Global,US
106291,90047319,ESA,Mozambique,MZ
106291,90047320,ESA,Mozambique,MZ
104309,90047379,ANE/LAC,Bangladesh,BD
104309,90047380,ESA,Ethiopia,ET
111056,90047401,Innovations,Global,GL
111056,90047402,Innovations,Global,GL
111056,90047403,Innovations,Global,GL
104309,90047463,MCHIP - Core,Global,US
104309,90047537,MCHIP - Core,Global,US
104309,90047538,ESA,Zambia,ZM
111252,90047739,ANE/LAC,Angola,AO
111252,90047740,ANE/LAC,Angola,AO
111252,90047741,ANE/LAC,Angola,AO
111252,90047742,ANE/LAC,Angola,AO
111252,90047743,ANE/LAC,Angola,AO
111280,90047802,ESA,Malawi,MW
104309,90047828,ESA,Zambia,ZM
104309,90047830,MCHIP - Core,Global,US
111280,90047831,ESA,Malawi,MW
111292,90047871,ESA,Ethiopia,ET
111292,90047872,ESA,Ethiopia,ET
111379,90047896,Innovations,Global,GL
111379,90047924,Innovations,Global,GL
101858,90048007,ESA,Ethiopia,ET
101858,90048008,ESA,Ethiopia,ET
111420,90048016,ESA,South Africa,ZA
111420,90048017,ESA,South Africa,ZA
111379,90048025,Innovations,Global,GL
111453,90048113,ANE/LAC,Nepal,NP
111453,90048114,ANE/LAC,Nepal,NP
104309,90048129,MCHIP - Core,Global,US
111523,90048176,Innovations,Global,GL
111579,90048313,ESA,Kenya,KE
111579,90048314,ESA,Kenya,KE
104309,90048588,ANE/LAC,Pakistan,PK
104309,90048590,ANE/LAC,Bolivia,BO
104309,90048591,ANE/LAC,Bolivia,BO
104309,90048592,WCA,Liberia,LR
104309,90048594,ANE/LAC,Pakistan,PK
104309,90048595,WCA,Mali,ML
104309,90048635,MCHIP - Core,Global,US
106291,90048714,ESA,Mozambique,MZ
104321,90048990,ESA,Tanzania,TZ
104321,90048991,ESA,Tanzania,TZ
104309,90048994,MCHIP - Core,Global,US
104309,90049113,ESA,Mozambique,MZ
104309,90049164,ANE/LAC,Egypt,EG
111523,90049168,Innovations,Global,GL
104309,90049205,ANE/LAC,Egypt,EG
112152,90049375,ESA,Ethiopia,ET
112152,90049377,ESA,Ethiopia,ET
112174,90049416,ANE/LAC,Pakistan,PK
112174,90049418,ANE/LAC,Pakistan,PK
112174,90049419,ANE/LAC,Pakistan,PK
112174,90049420,ANE/LAC,Pakistan,PK
112174,90049421,ANE/LAC,Pakistan,PK
112174,90049422,ANE/LAC,Pakistan,PK
112174,90049423,ANE/LAC,Pakistan,PK
112174,90049438,ANE/LAC,Pakistan,PK
104309,90049479,MCHIP - Core,Global,US
104309,90049481,MCHIP - Core,Global,US
104309,90049608,MCHIP - Core,Global,US
112299,90049627,ESA,Tanzania,TZ
112299,90049628,ESA,Tanzania,TZ
104309,90049867,MCHIP - Core,Global,US
112477,90050006,ANE/LAC,Global,GL
112508,90050093,ANE/LAC,India,IN
112508,90050094,ANE/LAC,India,IN
112508,90050095,ANE/LAC,India,IN
112508,90050096,ANE/LAC,India,IN
112508,90050097,ANE/LAC,India,IN
112508,90050098,ANE/LAC,India,IN
112508,90050113,ANE/LAC,India,IN
104309,90050114,ANE/LAC,Bangladesh,BD
104309,90050171,ANE/LAC,Bangladesh,BD
112544,90050174,ESA,Ethiopia,ET
112544,90050190,ESA,Ethiopia,ET
112600,90050247,WCA,Haiti,HT
112600,90050248,WCA,Haiti,HT
112800,90050504,ESA,South Sudan,SD
112800,90050625,ESA,South Sudan,SD
110731,90050728,Global,Lesotho,LS
110731,90050729,Global,Swaziland,SZ
104309,90050735,ANE/LAC,Philippines,PH
104309,90050736,ANE/LAC,Philippines,PH
104309,90051029,MCHIP - Core,Global,US
104309,90051067,MCHIP - Core,Global,US
104309,90051203,MCHIP - Core,Global,US
104419,90051237,ESA,Tanzania,TZ
104309,90051264,MCHIP - Core,Global,US
104309,90051305,MCHIP - Core,Global,US
104309,90051306,ANE/LAC,Yemen,YE
104309,90051307,ANE/LAC,Yemen,YE
104309,90051440,MCHIP - Core,Global,US
104309,90051441,MCHIP - Core,Global,US
109317,90051442,Global,Kenya,KE
113506,90051626,ESA,Tanzania,TZ
113506,90051627,ESA,Tanzania,TZ
111379,90051753,Innovations,Global,GL
111379,90051754,Innovations,Global,GL
113501,90051845,Global,Global,GL
113534,90051869,ESA,Tanzania,TZ
113534,90051870,ESA,Tanzania,TZ
109521,90051887,ESA,Kenya,KE
113635,90051978,ESA,Kenya,KE
113635,90051979,ESA,Kenya,KE
113687,90052055,ESA,Malawi,MW
113687,90052056,ESA,Malawi,MW
104309,90052168,ESA,Namibia,NA
113759,90052249,ANE/LAC,Pakistan,PK
113759,90052250,ANE/LAC,Pakistan,PK
113817,90052392,ESA,Tanzania,TZ
113817,90052393,ESA,Tanzania,TZ
113842,90052466,WCA,Nigeria,NG
113884,90052529,ANE/LAC,India,IN
113842,90052530,WCA,Nigeria,NG
104309,90052531,ESA,Tanzania,TZ
104309,90052532,ESA,Tanzania,TZ
113884,90052534,ANE/LAC,India,IN
112174,90052595,ANE/LAC,Pakistan,PK
104309,90052596,ESA,Tanzania,TZ
104309,90052597,ESA,Tanzania,TZ
113989,90052692,ANE/LAC,India,IN
113989,90052693,ANE/LAC,India,IN
113800,90052706,ESA,Kenya,KE
113800,90052707,ESA,Kenya,KE
114046,90052791,WCA,Ghana,GH
114046,90052883,WCA,Ghana,GH
114102,90052898,ANE/LAC,Nepal,NP
114106,90052899,ESA,Kenya,KE
114150,90052962,ANE/LAC,Pakistan,PK
114150,90052976,ANE/LAC,Pakistan,PK
114155,90052977,ESA,Uganda,UG
104309,90053000,ANE/LAC,Myanmar,MM
104309,90053001,ANE/LAC,Myanmar,MM
114155,90053027,ESA,Uganda,UG
114213,90053166,ESA,Rwanda,RW
101858,90053169,ESA,Ethiopia,ET
101858,90053170,ESA,Ethiopia,ET
109521,90053197,ESA,Kenya,KE
109521,90053199,ESA,Kenya,KE
114213,90053201,ESA,Rwanda,RW
111379,90053256,Innovations,Global,GL
111379,90053257,Innovations,Global,GL
104309,90053271,MCHIP - Core,Global,US
114400,90053491,ANE/LAC,Philippines,PH
114466,90053561,ANE/LAC,Philippines,PH
114466,90053669,ANE/LAC,Philippines,PH
114527,90053768,ANE/LAC,Pakistan,PK
114527,90053788,ANE/LAC,Pakistan,PK
114684,90053921,ANE/LAC,India,IN
114684,90053922,ANE/LAC,India,IN
114733,90054085,WCA,Haiti,HT
114733,90054086,WCA,Haiti,HT
114837,90054213,Global,Global,GL
114872,90054224,WCA,Burkina-Faso,BF
114834,90054261,ESA,Botswana,BW
114843,90054330,WCA,Haiti,HT
114843,90054331,WCA,Haiti,HT
114837,90054367,Global,Nigeria,NG
114837,90054368,Global,Nigeria,NG
114837,90054369,Global,Nigeria,NG
114837,90054370,Global,Nigeria,NG
114837,90054371,Global,Nigeria,NG
114909,90054414,ESA,Uganda,UG
114909,90054415,ESA,Uganda,UG
114837,90054421,Global,Kenya,KE
114837,90054422,Global,Kenya,KE
114837,90054423,Global,Kenya,KE
114837,90054424,Global,Kenya,KE
104309,90054459,ANE/LAC,Bangladesh,BD
104309,90054460,MCHIP - Core,Global,US
114837,90054565,Global,Kenya,KE
114837,90054566,Global,Zambia,ZM
114837,90054567,Global,Zambia,ZM
114837,90054568,Global,Zambia,ZM
114837,90054569,Global,Zambia,ZM
114837,90054570,Global,Zambia,ZM
114872,90054571,WCA,Burkina-Faso,BF
115137,90054801,ANE/LAC,Myanmar,MM
115137,90054802,ANE/LAC,Myanmar,MM
114102,90054873,ANE/LAC,Nepal,NP
115286,90055042,ANE/LAC,India,IN
115286,90055043,ANE/LAC,India,IN
115395,90055164,WCA,Guinea,GN
115406,90055175,ANE/LAC,Indonesia,ID
115406,90055176,ANE/LAC,Indonesia,ID
115386,90055253,ESA,Kenya,KE
115386,90055254,ESA,Kenya,KE
115395,90055265,WCA,Guinea,GN
115420,90055346,ESA,Zambia,ZM
115420,90055347,ESA,Zambia,ZM
115503,90055414,ESA,Malawi,MW
115503,90055415,ESA,Malawi,MW
104309,90055439,MCHIP - Core,Global,US
104309,90055440,ESA,Tanzania,TZ
104309,90055441,ESA,Tanzania,TZ
115462,90055450,WCA,Guinea,GN
104309,90055536,WCA,Nigeria,NG
114733,90055594,WCA,Haiti,HT
114733,90055598,WCA,Haiti,HT
115664,90055676,WCA,Ghana,GH
115664,90055709,WCA,Ghana,GH
115722,90055720,WCA,Burkina-Faso,BF
115742,90055738,ESA,Kenya,KE
115722,90055752,WCA,Burkina-Faso,BF
115768,90055865,ESA,Tanzania,TZ
114400,90055904,ANE/LAC,Philippines,PH
115875,90055923,ANE/LAC,Nepal,NP
115742,90055928,ESA,Kenya,KE
115768,90055929,ESA,Tanzania,TZ
115833,90055953,ESA,Mozambique,MZ
115833,90055973,ESA,Mozambique,MZ
115856,90055976,ESA,South Africa,ZA
115856,90055977,ESA,South Africa,ZA
115860,90055982,ANE/LAC,Bangladesh,BD
115827,90056001,WCA,Cote D'Ivoire,CI
115827,90056005,WCA,Cote D'Ivoire,CI
115860,90056048,ANE/LAC,Bangladesh,BD
115875,90056054,ANE/LAC,Nepal,NP
115920,90056088,ANE/LAC,Bangladesh,BD
115920,90056089,ANE/LAC,Bangladesh,BD
115386,90056123,ESA,Kenya,KE
115386,90056124,ESA,Kenya,KE
114837,90056188,Global,South Africa,ZA
116014,90056211,WCA,Guinea,GN
116029,90056280,ESA,Kenya,KE
116059,90056281,WCA,Nigeria,NG
116014,90056320,WCA,Guinea,GN
107061,90056321,ESA,Kenya,KE
116029,90056325,ESA,Kenya,KE
104309,90056410,MCHIP - Core,Global,US
116102,90056415,WCA,Burkina-Faso,BF
116102,90056416,WCA,Burkina-Faso,BF
116059,90056426,WCA,Nigeria,NG
116133,90056433,Innovations,Global,GL
116160,90056501,Innovations,Global,GL
116228,90056535,ESA,Zambia,ZM
116204,90056552,ANE/LAC,India,IN
116204,90056553,ANE/LAC,India,IN
116248,90056640,ESA,Botswana,BW
116248,90056641,ESA,Botswana,BW
116228,90056646,ESA,Zambia,ZM
111379,90056647,Innovations,Lesotho,LS
111379,90056648,Innovations,Lesotho,LS
116309,90056745,Global,Global,GL
116343,90056869,ESA,Tanzania,TZ
116343,90056870,ESA,Tanzania,TZ
116309,90056871,Global,India,IN
116309,90056874,Global,Zambia,ZM
116391,90056928,ANE/LAC,India,IN
116391,90056979,ANE/LAC,India,IN
116568,90057140,ANE/LAC,India,IN
116568,90057141,ANE/LAC,India,IN
116568,90057142,ANE/LAC,Pakistan,PK
116568,90057143,ANE/LAC,Pakistan,PK
116126,90057236,ANE/LAC,Indonesia,ID
107058,90057293,Global,Tanzania,TZ
116676,90057300,Innovations,Global,GL
111379,90057332,Innovations,Tanzania,TZ
111379,90057333,Innovations,Tanzania,TZ
116659,90057337,Innovations,Global,GL
116665,90057342,ESA,Uganda,UG
116665,90057343,ESA,Uganda,UG
116700,90057398,ANE/LAC,Guyana,GY
116708,90057415,ESA,Mozambique,MZ
116708,90057416,ESA,Mozambique,MZ
116747,90057457,WCA,Chad,TD
116751,90057526,ESA,Zimbabwe,ZW
116751,90057527,ESA,Zimbabwe,ZW
116747,90057533,WCA,Chad,TD
116934,90057803,WCA,Haiti,HT
116934,90057804,WCA,Haiti,HT
115860,90057845,ANE/LAC,Bangladesh,BD
115860,90057846,ANE/LAC,Bangladesh,BD
116923,90057873,ANE/LAC,Yemen,YE
116923,90057874,ANE/LAC,Yemen,YE
115875,90057902,ANE/LAC,Nepal,NP
115875,90057903,ANE/LAC,Nepal,NP
117003,90057967,WCA,Guinea,GN
117003,90057968,WCA,Guinea,GN
117011,90057971,MCSP-Core,Global,US
117011,90057979,WCA,Ghana,GH
117011,90057980,ESA,Kenya,KE
117011,90057981,ESA,Kenya,KE
117011,90057982,WCA,Ghana,GH
117011,90057983,WCA,Madagascar,MG
117011,90057984,WCA,Madagascar,MG
117061,90058018,ANE/LAC,Angola,AO
117061,90058019,ANE/LAC,Angola,AO
117011,90058039,MCSP-Core,Global,US
117011,90058040,MCSP-Core,Global,US
117011,90058041,MCSP-Core,Global,US
117011,90058042,MCSP-Core,Global,US
117011,90058043,MCSP-Core,Global,US
117011,90058044,MCSP-Core,Global,US
107058,90058061,Global,Tanzania,TZ
117011,90058186,MCSP-Core,Global,US
117011,90058187,MCSP-Core,Global,US
117011,90058188,MCSP-Core,Global,US
117011,90058189,MCSP-Core,Global,US
117011,90058190,MCSP-Core,Global,US
117011,90058191,MCSP-Bureau,Global,US
117011,90058192,ESA,South Africa,ZA
117011,90058193,MCSP-Bureau,Global,US
117011,90058205,WCA,Nigeria,NG
117011,90058206,WCA,Nigeria,NG
117011,90058207,ESA,Tanzania,TZ
117011,90058208,ESA,Tanzania,TZ
117011,90058209,ESA,Malawi,MW
117011,90058210,ESA,Rwanda,RW
117011,90058211,WCA,Haiti,HT
117011,90058212,WCA,Haiti,HT
117309,90058498,ESA,Mozambique,MZ
117309,90058499,ESA,Mozambique,MZ
117316,90058500,WCA,Cameroon,CM
117316,90058501,WCA,Cameroon,CM
117300,90058525,Global,Global,GL
107061,90058541,ESA,Kenya,KE
111379,90058546,Innovations,Kenya,KE
111379,90058547,Innovations,Philippines,PH
117300,90058619,Global,Malawi,MW
115875,90058674,ANE/LAC,Nepal,NP
115875,90058675,ANE/LAC,Nepal,NP
117541,90058703,Innovations,Global,GL
117520,90058807,ESA,Ethiopia,ET
117520,90058808,ESA,Ethiopia,ET
117527,90058810,ESA,Namibia,NA
117527,90058811,ESA,Namibia,NA
117563,90058814,ANE/LAC,India,IN
117563,90058815,ANE/LAC,India,IN
111280,90058832,ESA,Malawi,MW
111280,90058833,ESA,Malawi,MW
117011,90059116,MCSP-Core,Global,US
117011,90059117,WCA,Liberia,LR
117011,90059118,WCA,Haiti,HT
117011,90059119,WCA,Haiti,HT
117011,90059120,WCA,Haiti,HT
117011,90059121,WCA,Ghana,GH
117011,90059122,MCSP-Core,Guinea,GN
117011,90059123,MCSP-Core,Global,US
117011,90059169,MCSP-Core,Global,US
117011,90059170,MCSP-Core,Global,US
117011,90059171,MCSP-Core,Global,US
117011,90059172,MCSP-Core,Global,US
117011,90059173,MCSP-Core,Global,US
117011,90059174,MCSP-Core,Kenya,KE
117011,90059175,MCSP-Core,Guinea,GN
117011,90059176,MCSP-Core,Global,US
117011,90059177,ESA,Rwanda,RW
117011,90059178,ESA,Rwanda,RW
117011,90059179,WCA,Mali,ML
117011,90059180,ESA,Rwanda,RW
117011,90059181,WCA,Liberia,LR
117011,90059182,MCSP-Bureau,Global,US
117011,90059183,MCSP-Bureau,Global,US
117011,90059184,MCSP-Core,Global,US
117011,90059185,MCSP-Core,Zambia,ZM
117011,90059186,MCSP-Core,Zambia,ZM
117011,90059187,WCA,Ghana,GH
117011,90059188,MCSP-Core,Guinea,GN
117011,90059189,WCA,Haiti,HT
117011,90059190,WCA,Haiti,HT
117011,90059191,ESA,Ethiopia,ET
117011,90059192,ESA,Ethiopia,ET
117011,90059193,ESA,Mozambique,MZ
117011,90059194,ESA,Mozambique,MZ
117011,90059195,ESA,Namibia,NA
117011,90059196,ESA,Namibia,NA
117011,90059197,ANE/LAC,Myanmar,MM
117011,90059198,ANE/LAC,Myanmar,MM
117011,90059199,WCA,DRC,CD
117011,90059200,WCA,DRC,CD
117011,90059201,ANE/LAC,India,IN
117011,90059202,ANE/LAC,India,IN
117011,90059203,ESA,Rwanda,RW
117011,90059204,ESA,Rwanda,RW
117011,90059225,ESA,Mozambique,MZ
117011,90059226,ESA,Mozambique,MZ
117011,90059227,ESA,Tanzania,TZ
117855,90059251,WCA,Togo,TG
117855,90059252,WCA,Togo,TG
117895,90059283,ESA,Rwanda,RW
117895,90059284,ESA,Rwanda,RW
117886,90059365,ESA,Zambia,ZM
117886,90059379,ESA,Zambia,ZM
117886,90059380,ESA,Zambia,ZM
117886,90059381,ESA,Zambia,ZM
117886,90059382,ESA,Zambia,ZM
117886,90059383,ESA,Zambia,ZM
117886,90059384,ESA,Zambia,ZM
117886,90059465,ESA,Zambia,ZM
117886,90059466,ESA,Zambia,ZM
117886,90059467,ESA,Zambia,ZM
118044,90059570,ANE/LAC,India,IN
118044,90059571,ANE/LAC,India,IN
118036,90059607,ESA,South Africa,ZA
118049,90059647,ESA,Uganda,UG
118049,90059648,ESA,Uganda,UG
118224,90059742,ANE/LAC,Myanmar,MM
118224,90059743,ANE/LAC,Myanmar,MM
118202,90059835,WCA,Guinea,GN
118202,90059836,WCA,Guinea,GN
118235,90059873,ESA,Lesotho,LS
118235,90059874,ESA,Lesotho,LS
111252,90059908,ANE/LAC,Angola,AO
118247,90059909,WCA,Guinea,GN
118247,90059910,WCA,Guinea,GN
118249,90059911,Global,Global,GL
115856,90059995,ESA,South Africa,ZA
118339,90060056,WCA,Ghana,GH
118339,90060057,WCA,Ghana,GH
118374,90060096,ESA,Kenya,KE
118374,90060097,ESA,Kenya,KE
118401,90060137,WCA,Guinea,GN
118401,90060138,WCA,Guinea,GN
118418,90060266,Global,Global,GL
116659,90060425,Innovations,Tanzania,TZ
116676,90060515,Innovations,Zambia,ZM
118627,90060516,ANE/LAC,Nepal,NP
118627,90060517,ANE/LAC,Nepal,NP
118633,90060540,WCA,Burkina-Faso,BF
118633,90060541,WCA,Burkina-Faso,BF
118648,90060559,ANE/LAC,Nepal,NP
118648,90060560,WCA,Niger,NE
116568,90060571,ANE/LAC,Pakistan,PK
118682,90060607,Innovations,Philippines,PH
118682,90060608,Innovations,Philippines,PH
117011,90060672,ESA,Rwanda,RW
117011,90060673,ESA,Rwanda,RW
117011,90060674,ESA,Ethiopia,ET
118723,90060677,WCA,Haiti,HT
118723,90060678,WCA,Haiti,HT
118771,90060720,ANE/LAC,Myanmar,MM
118771,90060721,ANE/LAC,Myanmar,MM
118792,90060890,ANE/LAC,India,IN
117011,90061012,ESA,Kenya,KE
117011,90061013,ESA,Kenya,KE
117011,90061014,ESA,Kenya,KE
117011,90061015,ESA,Kenya,KE
117011,90061016,ESA,Kenya,KE
117011,90061017,ESA,Kenya,KE
117011,90061018,ESA,Kenya,KE
117011,90061019,ESA,Kenya,KE
117011,90061020,ESA,Kenya,KE
117011,90061021,WCA,Ghana,GH
117011,90061022,WCA,Ghana,GH
117011,90061023,WCA,Ghana,GH
117011,90061024,WCA,Ghana,GH
117011,90061025,WCA,Ghana,GH
117011,90061026,WCA,Ghana,GH
117011,90061027,WCA,Ghana,GH
117011,90061028,WCA,Ghana,GH
117011,90061029,WCA,Ghana,GH
117011,90061030,WCA,Ghana,GH
117011,90061031,ANE/LAC,Egypt,EG
117011,90061032,WCA,Guinea,GN
117011,90061033,WCA,Guinea,GN
117011,90061034,WCA,Guinea,GN
117011,90061035,WCA,Guinea,GN
117011,90061036,ESA,Ethiopia,ET
117011,90061037,ESA,Ethiopia,ET
117011,90061038,ESA,Malawi,MW
117011,90061039,ESA,Malawi,MW
117011,90061040,ESA,Rwanda,RW
117011,90061041,WCA,Mali,ML
117011,90061042,ESA,Tanzania,TZ
117011,90061043,ESA,Tanzania,TZ
117011,90061044,ESA,Tanzania,TZ
117011,90061045,ESA,Tanzania,TZ
117011,90061046,ESA,Tanzania,TZ
117011,90061047,ESA,Tanzania,TZ
117011,90061048,ESA,Tanzania,TZ
117011,90061049,ESA,Tanzania,TZ
117011,90061050,ESA,Tanzania,TZ
117011,90061051,ESA,Tanzania,TZ
117011,90061052,ESA,Mozambique,MZ
117011,90061053,ESA,Mozambique,MZ
117011,90061054,ESA,Zambia,ZM
117011,90061055,ESA,Zambia,ZM
117011,90061056,MCSP-Core,Guinea,GN
117011,90061057,ESA,Zambia,ZM
117011,90061058,MCSP-Core,Global,US
117011,90061067,MCSP-Core,Global,US
117011,90061068,MCSP-Core,Global,US
117011,90061069,MCSP-Core,Global,US
117011,90061070,MCSP-Core,Global,US
117011,90061071,MCSP-Core,Global,US
117011,90061072,MCSP-Core,Global,US
117011,90061073,ESA,Tanzania,TZ
117011,90061074,ESA,Tanzania,TZ
118995,90061156,ESA,Uganda,UG
118995,90061157,ESA,Uganda,UG
119014,90061163,ANE/LAC,Nepal,NP
119015,90061164,ESA,Kenya,KE
118675,90061188,ANE/LAC,Indonesia,ID
119015,90061305,ESA,Kenya,KE
119052,90061318,ESA,Ethiopia,ET
119052,90061319,ESA,Ethiopia,ET
119069,90061367,ANE/LAC,India,IN
119069,90061368,ANE/LAC,India,IN
111379,90061471,Innovations,Global,GL
119140,90061488,WCA,Cameroon,CM
119140,90061489,WCA,Cameroon,CM
119143,90061490,ANE/LAC,Belize,BZ
118418,90061491,Global,Global,GL
118418,90061492,Global,Global,GL
118418,90061493,Global,Global,GL
118418,90061494,Global,Global,GL
118418,90061495,Global,Tanzania,TZ
118418,90061535,Global,Tanzania,TZ
119214,90061614,Global,Global,GL
119229,90061627,ANE/LAC,Afghanistan,AF
119229,90061628,ANE/LAC,Afghanistan,AF
119229,90061671,ANE/LAC,Afghanistan,AF
119229,90061672,ANE/LAC,Afghanistan,AF
119229,90061673,ANE/LAC,Afghanistan,AF
119229,90061674,ANE/LAC,Afghanistan,AF
119229,90061675,ANE/LAC,Afghanistan,AF
119229,90061676,ANE/LAC,Afghanistan,AF
117011,90061705,WCA,Guinea,GN
117011,90061706,WCA,Guinea,GN
117011,90061707,MCSP-Core,Global,US
117011,90061708,WCA,Ghana,GH
117011,90061709,ESA,South Africa,ZA
117011,90061710,ANE/LAC,Myanmar,MM
117011,90061712,WCA,Nigeria,NG
117011,90061713,WCA,Nigeria,NG
117011,90061714,WCA,Madagascar,MG
117011,90061718,WCA,Madagascar,MG
117011,90061721,WCA,Madagascar,MG
117011,90061722,WCA,Haiti,HT
117011,90061723,WCA,Haiti,HT
117011,90061724,WCA,Haiti,HT
117011,90061725,WCA,Haiti,HT
117011,90061726,WCA,Haiti,HT
111280,90061762,ESA,Malawi,MW
111280,90061763,ESA,Malawi,MW
119349,90061783,ESA,Ethiopia,ET
119349,90061784,ESA,Ethiopia,ET
119360,90061911,ESA,Mozambique,MZ
119360,90061912,ESA,Mozambique,MZ
119386,90061943,ESA,Lesotho,LS
119386,90061944,ESA,Lesotho,LS
119417,90062046,ESA,Ethiopia,ET
119417,90062047,ESA,Ethiopia,ET
118418,90062050,Global,Global,GL
118418,90062051,Global,Global,GL
118418,90062052,Global,Global,GL
118418,90062053,Global,Global,GL
119460,90062125,ANE/LAC,Afghanistan,AF
119460,90062126,ANE/LAC,Afghanistan,AF
119533,90062172,WCA,Mali,ML
119533,90062173,WCA,Mali,ML
119461,90062185,ESA,Tanzania,TZ
119461,90062186,ESA,Tanzania,TZ
119523,90062215,ESA,Mozambique,MZ
119523,90062216,ESA,Mozambique,MZ
119461,90062217,ESA,Tanzania,TZ
119461,90062218,ESA,Tanzania,TZ
119461,90062219,ESA,Tanzania,TZ
119566,90062288,WCA,Cote D'Ivoire,CI
119566,90062289,WCA,Cote D'Ivoire,CI
119386,90062485,ESA,Lesotho,LS
119533,90062510,WCA,Mali,ML
119533,90062511,WCA,Mali,ML
119533,90062512,WCA,Mali,ML
119782,90062712,Global,Global,GL
116309,90062722,Global,India,IN
116309,90062723,Global,India,IN
116309,90062724,Global,India,IN
119908,90062837,ESA,Zambia,ZM
119908,90062838,ESA,Zambia,ZM
113550,90062858,Global,Global,GL
119881,90062891,WCA,Burkina-Faso,BF
119881,90062892,WCA,Burkina-Faso,BF
119881,90062893,WCA,Burkina-Faso,BF
119881,90062894,WCA,Burkina-Faso,BF
119881,90062895,WCA,Burkina-Faso,BF
119881,90062896,WCA,Burkina-Faso,BF
119881,90062897,WCA,Burkina-Faso,BF
114733,90062904,WCA,Haiti,HT
114733,90062905,WCA,Haiti,HT
119908,90063006,ESA,Zambia,ZM
119908,90063007,ESA,Zambia,ZM
119908,90063008,ESA,Zambia,ZM
119908,90063009,ESA,Zambia,ZM
119908,90063010,ESA,Zambia,ZM
119908,90063011,ESA,Zambia,ZM
119908,90063012,ESA,Zambia,ZM
119908,90063013,ESA,Zambia,ZM
119908,90063014,ESA,Zambia,ZM
119908,90063015,ESA,Zambia,ZM
120010,90063136,WCA,Cote D'Ivoire,CI
120010,90063137,WCA,Cote D'Ivoire,CI
120018,90063142,ESA,Botswana,BW
120018,90063143,ESA,Botswana,BW
117011,90063166,MCSP-Core,Global,US
120020,90063185,ESA,Botswana,BW
120020,90063186,ESA,Botswana,BW
120075,90063221,ESA,Zambia,ZM
120075,90063222,ESA,Zambia,ZM
120075,90063223,ESA,Zambia,ZM
120081,90063224,ANE/LAC,Nepal,NP
120081,90063245,ANE/LAC,Nepal,NP
120081,90063246,ANE/LAC,Nepal,NP
120081,90063247,ANE/LAC,Nepal,NP
120131,90063250,ANE/LAC,India,IN
120018,90063261,ESA,Botswana,BW
120018,90063262,ESA,Botswana,BW
120018,90063263,ESA,Botswana,BW
120117,90063290,ANE/LAC,India,IN
120117,90063291,ANE/LAC,India,IN
120119,90063328,WCA,Liberia,LR
120119,90063329,WCA,Liberia,LR
120121,90063331,Global,Global,GL
120121,90063332,Global,Global,GL
120121,90063333,Global,Mozambique,MZ
120121,90063334,Global,Mozambique,MZ
120187,90063357,WCA,Guinea,GN
120187,90063358,WCA,Guinea,GN
120194,90063374,ESA,Mozambique,MZ
120194,90063375,ESA,Mozambique,MZ
116659,90063521,Innovations,Global,GL
120392,90063620,ESA,South Sudan,SD
120392,90063621,ESA,South Sudan,SD
120385,90063726,ESA,Mozambique,MZ
120385,90063727,ESA,Mozambique,MZ
120401,90063767,ANE/LAC,Pakistan,PK
120442,90063780,Global,Global,GL
120385,90063880,ESA,Mozambique,MZ
120385,90063882,ESA,Mozambique,MZ
120385,90063883,ESA,Mozambique,MZ
120401,90063936,ANE/LAC,Pakistan,PK
120401,90063938,ANE/LAC,Pakistan,PK
120401,90063939,ANE/LAC,Pakistan,PK
120401,90063940,ANE/LAC,Pakistan,PK
120401,90063942,ANE/LAC,Pakistan,PK
120401,90063943,ANE/LAC,Pakistan,PK
120401,90063944,ANE/LAC,Pakistan,PK
120401,90063965,ANE/LAC,Pakistan,PK
120401,90063966,ANE/LAC,Pakistan,PK
120401,90063967,ANE/LAC,Pakistan,PK
120401,90063968,ANE/LAC,Pakistan,PK
120401,90063971,ANE/LAC,Pakistan,PK
120401,90063972,ANE/LAC,Pakistan,PK
120401,90063975,ANE/LAC,Pakistan,PK
120401,90063977,ANE/LAC,Pakistan,PK
120401,90063978,ANE/LAC,Pakistan,PK
120401,90063979,ANE/LAC,Pakistan,PK
120401,90063980,ANE/LAC,Pakistan,PK
120697,90064114,WCA,Guinea,GN
120697,90064115,WCA,Guinea,GN
120698,90064116,WCA,Haiti,HT
120698,90064117,WCA,Haiti,HT
120818,90064366,WCA,Liberia,LR
120818,90064367,WCA,Liberia,LR
120820,90064368,WCA,Cote D'Ivoire,CI
120820,90064369,WCA,Cote D'Ivoire,CI
120838,90064409,Global,Global,GL
120901,90064438,ESA,Botswana,BW
120901,90064439,ESA,Botswana,BW
120889,90064510,ESA,Mozambique,MZ
120889,90064511,ESA,Mozambique,MZ
120889,90064554,ESA,Mozambique,MZ
120889,90064555,ESA,Mozambique,MZ
120889,90064557,ESA,Mozambique,MZ
120889,90064558,ESA,Mozambique,MZ
120889,90064559,ESA,Mozambique,MZ
120932,90064585,ESA,Lesotho,LS
120932,90064586,ESA,Lesotho,LS
120889,90064918,ESA,Mozambique,MZ
120889,90064919,ESA,Mozambique,MZ
120889,90064920,ESA,Mozambique,MZ
120889,90064921,ESA,Mozambique,MZ
121186,90064936,WCA,Togo,TG
121186,90064937,WCA,Togo,TG
121155,90064972,WCA,Liberia,LR
121155,90064973,WCA,Liberia,LR
118418,90065044,Global,Global,GL
117011,90065071,MCSP-Bureau,Global,US
118418,90065087,Global,Global,GL
118418,90065088,Global,Global,GL
118418,90065090,Global,Global,GL
109521,90065197,ESA,Kenya,KE
109521,90065198,ESA,Kenya,KE
109521,90065199,ESA,Kenya,KE
109521,90065200,ESA,Kenya,KE
121327,90065246,ANE/LAC,India,IN
121327,90065247,ANE/LAC,India,IN
121416,90065445,Innovations,Global,GL
121423,90065485,ESA,Malawi,MW
121423,90065487,ESA,Malawi,MW
121520,90065576,Global,Kenya,KE
121520,90065577,Global,Kenya,KE
121520,90065578,Global,Indonesia,ID
121520,90065579,Global,Indonesia,ID
117011,90065709,WCA,Haiti,HT
117011,90065710,ESA,Malawi,MW
117011,90065711,ESA,Malawi,MW
117011,90065712,ESA,Mozambique,MZ
117011,90065713,ESA,Mozambique,MZ
117011,90065714,WCA,Nigeria,NG
117011,90065715,ESA,Uganda,UG
117011,90065716,WCA,Nigeria,NG
121532,90065765,ESA,Rwanda,RW
121532,90065766,ESA,Rwanda,RW
121565,90065773,Innovations,Ethiopia,ET
121565,90065778,Innovations,Ethiopia,ET
121617,90065838,ANE/LAC,India,IN
121617,90065839,ANE/LAC,India,IN
117011,90065843,ESA,Kenya,KE
117011,90065844,ESA,Kenya,KE
121724,90065916,WCA,Burkina-Faso,BF
121724,90065917,WCA,Burkina-Faso,BF
121155,90065927,WCA,Liberia,LR
120401,90065950,ANE/LAC,Pakistan,PK
120401,90065951,ANE/LAC,Pakistan,PK
120401,90065952,ANE/LAC,Pakistan,PK
120401,90065953,ANE/LAC,Pakistan,PK
120401,90065954,ANE/LAC,Pakistan,PK
120401,90065955,ANE/LAC,Pakistan,PK
120401,90065958,ANE/LAC,Pakistan,PK
121677,90065962,ANE/LAC,India,IN
121677,90065963,ANE/LAC,India,IN
121465,90065997,Innovations,Global,GL
121721,90066075,WCA,Niger,NE
121721,90066076,WCA,Niger,NE
121722,90066077,WCA,Haiti,HT
121722,90066078,WCA,Haiti,HT
111379,90066150,Innovations,Uganda,UG
111379,90066151,Innovations,Kenya,KE
111379,90066152,Innovations,Global,GL
121821,90066203,ESA,Zimbabwe,ZW
121821,90066204,ESA,Zimbabwe,ZW
117011,90066225,ESA,Tanzania,TZ
117011,90066226,ANE/LAC,Nepal,NP
117011,90066227,ANE/LAC,India,IN
121822,90066235,ESA,Zimbabwe,ZW
121822,90066236,ESA,Zimbabwe,ZW
119461,90066273,ESA,Tanzania,TZ
121833,90066275,Global,Global,GL
121824,90066286,Innovations,Ethiopia,ET
121824,90066287,Innovations,Ethiopia,ET
121833,90066385,Global,Uganda,UG
121833,90066386,Global,Kenya,KE
121865,90066428,ESA,Tanzania,TZ
121865,90066429,ESA,Tanzania,TZ
121870,90066430,ESA,Zambia,ZM
121870,90066431,ESA,Zambia,ZM
121871,90066432,WCA,Nigeria,NG
121871,90066433,WCA,Nigeria,NG
121999,90066520,Global,Nigeria,NG
121999,90066521,Global,Kenya,KE
121999,90066560,Global,Global,GL
122015,90066562,WCA,Guinea,GN
122015,90066563,WCA,Guinea,GN
121998,90066574,ANE/LAC,Pakistan,PK
121998,90066575,ANE/LAC,Pakistan,PK
122007,90066616,ESA,Kenya,KE
122007,90066617,ESA,Kenya,KE
122017,90066627,ESA,Tanzania,TZ
122017,90066628,ESA,Tanzania,TZ
122019,90066629,ANE/LAC,Pakistan,PK
122019,90066630,ANE/LAC,Pakistan,PK
117011,90066636,WCA,Nigeria,NG
122051,90066637,ESA,Lesotho,LS
122051,90066638,ESA,Lesotho,LS
122059,90066640,ANE/LAC,India,IN
122059,90066641,ANE/LAC,India,IN
122046,90066692,WCA,Liberia,LR
122046,90066693,WCA,Liberia,LR
120385,90066760,ESA,Mozambique,MZ
117011,90066845,MCSP-Core,Global,US
117011,90066856,WCA,Burkina-Faso,BF
117011,90066857,WCA,Burkina-Faso,BF
122209,90066914,Innovations,Global,GL
122236,90066919,ESA,Lesotho,LS
122236,90066920,ESA,Lesotho,LS
122239,90066921,ANE/LAC,India,IN
122239,90066922,ANE/LAC,India,IN
121865,90066932,ESA,Tanzania,TZ
121865,90066933,ESA,Tanzania,TZ
121865,90066935,ESA,Tanzania,TZ
121865,90066936,ESA,Tanzania,TZ
121865,90066937,ESA,Tanzania,TZ
122233,90066939,WCA,Nigeria,NG
122233,90066940,WCA,Nigeria,NG
122248,90066951,ESA,Botswana,BW
122248,90066952,ESA,Botswana,BW
122253,90066954,ANE/LAC,Nepal,NP
122253,90066955,ANE/LAC,Nepal,NP
122254,90066956,ANE/LAC,India,IN
122254,90066957,ANE/LAC,India,IN
121082,90066992,WCA,Liberia,LR
122209,90067005,Innovations,Uganda,UG
122266,90067030,ANE/LAC,India,IN
122266,90067031,ANE/LAC,India,IN
119386,90067036,ESA,Lesotho,LS
117011,90067093,WCA,Nigeria,NG
117011,90067095,WCA,Haiti,HT
122337,90067097,Global,Global,GL
122313,90067105,ANE/LAC,Pakistan,PK
122313,90067106,ANE/LAC,Pakistan,PK
120121,90067137,Global,Global,GL
120121,90067138,Global,Kenya,KE
120121,90067139,Global,Kenya,KE
120121,90067140,Global,Malawi,MW
120121,90067141,Global,Malawi,MW
120121,90067142,Global,Namibia,NA
120121,90067143,Global,Namibia,NA
117011,90067180,ESA,Mozambique,MZ
117011,90067181,MCSP-Core,Global,US
117011,90067182,MCSP-Core,Global,US
122453,90067242,ESA,Malawi,MW
122453,90067243,ESA,Malawi,MW
122477,90067264,WCA,Liberia,LR
117011,90067527,WCA,Liberia,LR
117011,90067528,WCA,Liberia,LR
122596,90067587,ANE/LAC,Nepal,NP
122596,90067588,ANE/LAC,Nepal,NP
122596,90067589,ANE/LAC,Nepal,NP
122596,90067590,ANE/LAC,Nepal,NP
117011,90067673,ESA,Ethiopia,ET
122746,90067719,ESA,Ethiopia,ET
122746,90067720,ESA,Ethiopia,ET
120889,90067722,ESA,Mozambique,MZ
122744,90067767,ESA,Zambia,ZM
122744,90067768,ESA,Zambia,ZM
113800,90067786,ANE/LAC,India,IN
113800,90067787,ANE/LAC,India,IN
117011,90067830,ANE/LAC,Nepal,NP
117011,90067831,WCA,Guinea,GN
117011,90067832,WCA,Guinea,GN
118418,90067889,Global,Mozambique,MZ
118418,90067890,Global,Mozambique,MZ
119360,90067922,ESA,Mozambique,MZ
117011,90067944,ESA,South Africa,ZA
122870,90067960,ESA,Tanzania,TZ
122870,90067961,ESA,Tanzania,TZ
122808,90067997,ANE/LAC,Bangladesh,BD
122808,90067998,ANE/LAC,Bangladesh,BD
122929,90068083,ESA,Mozambique,MZ
122929,90068084,ESA,Mozambique,MZ
117011,90068105,WCA,Haiti,HT
117011,90068106,ESA,Rwanda,RW
122885,90068110,ANE/LAC,India,IN
122885,90068111,ANE/LAC,India,IN
122808,90068139,ANE/LAC,Bangladesh,BD
122808,90068140,ANE/LAC,Bangladesh,BD
122808,90068141,ANE/LAC,Bangladesh,BD
122808,90068142,ANE/LAC,Bangladesh,BD
122945,90068156,ANE/LAC,India,IN
122945,90068157,ANE/LAC,India,IN
122929,90068165,ESA,Mozambique,MZ
122929,90068166,ESA,Mozambique,MZ
120901,90068177,ESA,Botswana,BW
120018,90068386,ESA,Botswana,BW
120018,90068387,ESA,Botswana,BW
120018,90068388,ESA,Botswana,BW
120018,90068389,ESA,Botswana,BW
117011,90068402,ANE/LAC,India,IN
120901,90068403,ESA,Botswana,BW
123011,90068405,ANE/LAC,Belize,BZ
123011,90068406,ANE/LAC,Belize,BZ
123083,90068485,ANE/LAC,Myanmar,MM
123115,90068502,ANE/LAC,Afghanistan,AF
123115,90068503,ANE/LAC,Afghanistan,AF
123123,90068565,Innovations,Ethiopia,ET
123123,90068566,Innovations,Ethiopia,ET
117011,90068630,ANE/LAC,Guatemala,GT
117011,90068631,ANE/LAC,Guatemala,GT
117011,90068632,ANE/LAC,Guatemala,GT
117011,90068633,ANE/LAC,Guatemala,GT
117011,90068634,MCSP-Core,Global,US
123281,90068836,ESA,Zimbabwe,ZW
123281,90068837,ESA,Zimbabwe,ZW
123309,90068872,ESA,Kenya,KE
123309,90068873,ESA,Kenya,KE
117011,90069047,WCA,Haiti,HT
117011,90069048,WCA,Haiti,HT
117011,90069049,WCA,Haiti,HT
117011,90069050,WCA,Haiti,HT
117011,90069051,WCA,Haiti,HT
117011,90069053,WCA,Haiti,HT
117011,90069054,WCA,Haiti,HT
117011,90069055,WCA,Haiti,HT
117011,90069105,ESA,Rwanda,RW
120020,90069125,ESA,Botswana,BW
120020,90069126,ESA,Botswana,BW
117011,90069432,ANE/LAC,Pakistan,PK
117011,90069433,ANE/LAC,Pakistan,PK
120901,90069446,ESA,Botswana,BW
123659,90069447,ESA,Kenya,KE
123659,90069448,ESA,Kenya,KE
122929,90069484,ESA,Mozambique,MZ
118418,90069655,Global,Angola,AO
118418,90069656,Global,Angola,AO
122808,90069710,ANE/LAC,Bangladesh,BD
123909,90069756,ANE/LAC,India,IN
123909,90069757,ANE/LAC,India,IN
123932,90069831,ESA,Lesotho,LS
123932,90069832,ESA,Lesotho,LS
119386,90069855,ESA,Lesotho,LS
117011,90069856,WCA,Liberia,LR
117011,90069857,WCA,Liberia,LR
117011,90069858,ANE/LAC,Myanmar,MM
117011,90069859,WCA,Haiti,HT
117011,90069860,WCA,Haiti,HT
117011,90069861,WCA,Chad,TD
117011,90069862,WCA,Chad,TD
124042,90070011,Innovations,Kenya,KE
124042,90070012,Innovations,Kenya,KE
124041,90070030,ANE/LAC,Indonesia,ID
120901,90070128,ESA,Botswana,BW
122015,90070217,WCA,Guinea,GN
122015,90070219,WCA,Guinea,GN
124307,90070449,ESA,Lesotho,LS
124320,90070452,WCA,Global,GL
124320,90070453,WCA,Togo,TG
124320,90070454,WCA,Benin,BJ
124320,90070455,WCA,Senegal,SN
124436,90070635,ESA,Kenya,KE
124436,90070636,ESA,Kenya,KE
121724,90070637,WCA,Guinea,GN
121724,90070638,WCA,Guinea,GN
121724,90070639,WCA,Burkina-Faso,BF
121724,90070640,WCA,Burkina-Faso,BF
117011,90070729,WCA,DRC,CD
117011,90070730,WCA,Ghana,GH
117011,90070731,WCA,Ghana,GH
117011,90070732,WCA,Haiti,HT
117011,90070733,WCA,Haiti,HT
117011,90070734,WCA,Haiti,HT
117011,90070735,WCA,Haiti,HT
117011,90070737,WCA,Haiti,HT
117011,90070738,WCA,Haiti,HT
117011,90070739,WCA,Haiti,HT
122808,90070753,ANE/LAC,Bangladesh,BD
122808,90070754,ANE/LAC,Bangladesh,BD
123709,90070786,ESA,Kenya,KE
123709,90070788,ESA,Kenya,KE
124543,90070845,ANE/LAC,Myanmar,MM
124543,90070846,ANE/LAC,Myanmar,MM
117011,90070986,WCA,Liberia,LR
117011,90070987,WCA,Liberia,LR
124647,90070996,ESA,Tanzania,TZ
124647,90070997,ESA,Tanzania,TZ
124711,90071024,Global,Global,GL
122808,90071052,ANE/LAC,Bangladesh,BD
124696,90071060,ESA,Ethiopia,ET
124696,90071061,ESA,Ethiopia,ET
117011,90071080,ANE/LAC,Indonesia,ID
117011,90071081,WCA,Madagascar,MG
117011,90071082,ESA,Uganda,UG
120018,90071088,ESA,Botswana,BW
117011,90071104,ANE/LAC,Indonesia,ID
124711,90071125,Global,DRC,CD
124711,90071127,Global,Madagascar,MG
124767,90071155,ESA,Uganda,UG
117011,90071205,ESA,Uganda,UG
119461,90071251,ESA,Tanzania,TZ
117011,90071252,MCSP-Core,Global,US
117011,90071253,WCA,Nigeria,NG
117011,90071254,WCA,Nigeria,NG
117011,90071255,MCSP-Core,Global,US
117011,90071256,ANE/LAC,Nepal,NP
124816,90071291,Innovations,Global,GL
123123,90071294,Innovations,Tanzania,TZ
124893,90071363,ESA,Ethiopia,ET
124893,90071364,ESA,Ethiopia,ET
124939,90071431,WCA,Cote D'Ivoire,CI
124939,90071432,WCA,Cote D'Ivoire,CI
124916,90071447,Innovations,Philippines,PH
124916,90071448,Innovations,Philippines,PH
125014,90071586,ESA,Uganda,UG
125014,90071587,ESA,Uganda,UG
125115,90071643,ANE/LAC,India,IN
125115,90071644,ANE/LAC,India,IN
125160,90071803,ESA,Tanzania,TZ
125160,90071804,ESA,Tanzania,TZ
118418,90071850,Global,Namibia,NA
118418,90071851,Global,Namibia,NA
125128,90071852,ESA,Malawi,MW
125128,90071853,ESA,Malawi,MW
117011,90071886,WCA,Nigeria,NG
117011,90071953,ESA,Zambia,ZM
117011,90071954,ESA,Zambia,ZM
117011,90071955,ESA,Zambia,ZM
125285,90072053,ANE/LAC,Pakistan,PK
109521,90072068,ESA,Kenya,KE
109521,90072069,ESA,Kenya,KE
125285,90072139,ANE/LAC,Pakistan,PK
125285,90072140,ANE/LAC,Pakistan,PK
125285,90072141,ANE/LAC,Pakistan,PK
125285,90072144,ANE/LAC,Pakistan,PK
117011,90072149,MCSP-Core,Global,US
117011,90072150,MCSP-Core,Global,US
117011,90072153,MCSP-Core,Global,US
117011,90072154,ESA,Tanzania,TZ
117011,90072156,MCSP-Core,Global,US
117011,90072157,MCSP-Core,Global,US
117011,90072159,MCSP-Bureau,Global,US
125308,90072164,ANE/LAC,India,IN
118224,90072166,ANE/LAC,Myanmar,MM
118224,90072167,ANE/LAC,Myanmar,MM
115860,90072173,ANE/LAC,Bangladesh,BD
124647,90072174,ESA,Tanzania,TZ
124647,90072175,ESA,Tanzania,TZ
124647,90072176,ESA,Tanzania,TZ
125308,90072185,ANE/LAC,India,IN
125285,90072205,ANE/LAC,Pakistan,PK
125285,90072206,ANE/LAC,Pakistan,PK
125285,90072207,ANE/LAC,Pakistan,PK
125285,90072208,ANE/LAC,Pakistan,PK
125285,90072209,ANE/LAC,Pakistan,PK
125285,90072210,ANE/LAC,Pakistan,PK
125285,90072211,ANE/LAC,Pakistan,PK
125285,90072212,ANE/LAC,Pakistan,PK
125285,90072213,ANE/LAC,Pakistan,PK
125285,90072214,ANE/LAC,Pakistan,PK
125285,90072217,ANE/LAC,Pakistan,PK
125285,90072218,ANE/LAC,Pakistan,PK
125285,90072221,ANE/LAC,Pakistan,PK
125285,90072222,ANE/LAC,Pakistan,PK
125285,90072223,ANE/LAC,Pakistan,PK
125285,90072228,ANE/LAC,Pakistan,PK
125338,90072233,ANE/LAC,India,IN
125338,90072234,ANE/LAC,India,IN
125363,90072240,Global,Global,GL
125363,90072241,Global,Kenya,KE
125363,90072242,Global,Indonesia,ID
125285,90072321,ANE/LAC,Pakistan,PK
125285,90072322,ANE/LAC,Pakistan,PK
125285,90072323,ANE/LAC,Pakistan,PK
125285,90072324,ANE/LAC,Pakistan,PK
125372,90072329,ESA,Tanzania,TZ
125372,90072330,ESA,Tanzania,TZ
125285,90072345,ANE/LAC,Pakistan,PK
125285,90072346,ANE/LAC,Pakistan,PK
120889,90072347,ESA,Mozambique,MZ
125505,90072474,ESA,Tanzania,TZ
125505,90072475,ESA,Tanzania,TZ
124754,90072487,Innovations,Global,GL
125531,90072555,ESA,Botswana,BW
113800,90072557,ESA,Kenya,KE
125545,90072593,WCA,DRC,CD
125545,90072595,WCA,DRC,CD
117011,90072656,ESA,Zambia,ZM
113800,90072749,ANE/LAC,Philippines,PH
123709,90072757,ESA,Kenya,KE
123709,90072758,ESA,Kenya,KE
123709,90072759,ESA,Kenya,KE
123709,90072760,ESA,Kenya,KE
123709,90072761,ESA,Kenya,KE
123709,90072762,ESA,Kenya,KE
123709,90072763,ESA,Kenya,KE
123709,90072764,ESA,Kenya,KE
125611,90072768,ESA,Botswana,BW
125611,90072769,ESA,Botswana,BW
125640,90072801,ESA,Ethiopia,ET
125640,90072802,ESA,Ethiopia,ET
125882,90073108,WCA,Cote D'Ivoire,CI
125882,90073109,WCA,Cote D'Ivoire,CI
125877,90073125,ESA,Malawi,MW
125877,90073126,ESA,Malawi,MW
121416,90073169,Innovations,Global,US
121416,90073170,Innovations,Malawi,US
125954,90073182,ANE/LAC,India,IN
125954,90073184,ANE/LAC,India,IN
117011,90073221,WCA,Liberia,LR
117011,90073222,WCA,Liberia,LR
125957,90073267,Global,Mozambique,MZ
125957,90073268,Global,Mozambique,MZ
125957,90073269,Global,Global,US
125957,90073270,Global,Global,US
125957,90073271,Global,Madagascar,MG
125957,90073272,Global,DRC,CD
125957,90073273,Global,DRC,CD
125957,90073274,Global,Nigeria,NG
125957,90073275,Global,Nigeria,NG
125957,90073276,Global,Madagascar,MG
125957,90073277,Global,Global,US
120889,90073285,ESA,Mozambique,MZ
126128,90073482,Innovations,Tanzania,TZ
126128,90073483,ESA,Tanzania,TZ
125957,90073648,Global,Mozambique,MZ
125957,90073649,Global,Madagascar,MG
125957,90073650,Global,DRC,CD
125957,90073651,Global,Nigeria,NG
126209,90073681,ANE/LAC,Indonesia,ID
126209,90073682,ANE/LAC,Indonesia,ID
120018,90073720,ESA,Botswana,BW
120018,90073721,ESA,Botswana,BW
120018,90073722,ESA,Botswana,BW
120018,90073723,ESA,Botswana,BW
117011,90073893,WCA,Ghana,GH
117011,90073894,ANE/LAC,Indonesia,ID
126350,90074006,ANE/LAC,India,IN
126350,90074007,ANE/LAC,India,IN
116102,90074062,WCA,Burkina-Faso,BF
126431,90074092,Global,Global,US
124647,90074115,ESA,Tanzania,TZ
124647,90074116,ESA,Tanzania,TZ
124647,90074117,ESA,Tanzania,TZ
125957,90074189,Global,Mozambique,MZ
125957,90074190,Global,Madagascar,MG
125957,90074191,Global,Nigeria,NG
125957,90074192,Global,DRC,CD
126525,90074194,ANE/LAC,India,IN
126525,90074195,ANE/LAC,India,IN
120889,90074248,ESA,Mozambique,MZ
126546,90074253,ESA,Mozambique,MZ
126546,90074254,ESA,Mozambique,MZ
126655,90074431,ANE/LAC,India,IN
126655,90074432,ANE/LAC,India,IN
123709,90074440,Global,Kenya,KE
123709,90074441,Global,Kenya,KE
123709,90074442,Global,Kenya,KE
123709,90074443,Global,Kenya,KE
123709,90074444,Global,Kenya,KE
113800,90074445,ANE/LAC,Bangladesh,BD
113800,90074446,ANE/LAC,Bangladesh,BD
118418,90074491,Global,Malawi,MW
118418,90074492,Global,Malawi,MW
126725,90074502,ANE/LAC,India,IN
126725,90074503,ANE/LAC,India,IN
126726,90074580,ESA,Mozambique,MZ
126726,90074581,ESA,Mozambique,MZ
126726,90074585,ESA,Mozambique,MZ
126726,90074586,ESA,Mozambique,MZ
126728,90074587,WCA,Mali,ML
126728,90074588,WCA,Mali,ML
126749,90074597,ESA,Ethiopia,ET
126749,90074598,ESA,Ethiopia,ET
126867,90074755,WCA,Guinea,GN
126878,90074799,ESA,Mozambique,MZ
126878,90074800,ESA,Mozambique,MZ
126877,90074801,ESA,Mozambique,MZ
126877,90074802,ESA,Mozambique,MZ
126933,90074890,ESA,Lesotho,LS
126933,90074891,ESA,Lesotho,LS
124320,90074893,WCA,Nepal,NE
126998,90074970,ANE/LAC,Pakistan,PK
126998,90074971,ANE/LAC,Pakistan,PK
122596,90074979,ANE/LAC,Nepal,NP
122596,90074980,ANE/LAC,Nepal,NP
117011,90074991,ANE/LAC,India,IN
117011,90074992,MCSP,USA,US
127002,90074993,ANE/LAC,Myanmar,MM
127002,90074994,ANE/LAC,Myanmar,MM
127020,90074999,Global,India,IN
127020,90075001,Global,India,IN
127020,90075002,Global,India,IN
120889,90075032,ESA,Mozambique,MZ
126878,90075051,ESA,Mozambique,MZ
126878,90075052,ESA,Mozambique,MZ
116102,90075273,WCA,Burkina-Faso,BF
127194,90075277,Global,USA,US
127204,90075279,ESA,Rwanda,RW
127204,90075280,ESA,Rwanda,RW
127254,90075341,ESA,Kenya,KE
122596,90075382,ANE/LAC,Nepal,NP
122596,90075383,ANE/LAC,Nepal,NP
127234,90075397,ESA,Kenya,KE
127234,90075398,ESA,Kenya,KE
122596,90075406,ANE/LAC,Nepal,NP
122596,90075407,ANE/LAC,Nepal,NP
127299,90075471,ESA,Rwanda,RW
127299,90075472,ESA,Rwanda,RW
127332,90075480,ESA,South Africa,ZA
127332,90075481,ESA,South Africa,ZA
127326,90075503,ESA,Lesotho,LS
127326,90075504,ESA,Lesotho,LS
127326,90075565,ESA,Lesotho,LS
127326,90075566,ESA,Lesotho,LS
127326,90075567,ESA,Lesotho,LS
127326,90075568,ESA,Lesotho,LS
127326,90075569,ESA,Lesotho,LS
127326,90075570,ESA,Lesotho,LS
127326,90075571,ESA,Lesotho,LS
127326,90075572,ESA,Lesotho,LS
127326,90075573,ESA,Lesotho,LS
127326,90075575,ESA,Lesotho,LS
127326,90075576,ESA,Lesotho,LS
127326,90075577,ESA,Lesotho,LS
127326,90075578,ESA,Lesotho,LS
127328,90075579,ESA,Tanzania,TZ
127328,90075580,ESA,Tanzania,TZ
120018,90075605,ESA,Botswana,BW
127377,90075650,ESA,Tanzania,TZ
127377,90075651,ESA,Tanzania,TZ
117011,90075704,ESA,Kenya,KE
127458,90075856,ESA,Tanzania,TZ
127458,90075857,ESA,Tanzania,TZ
117011,90075949,MCSP,USA,US
117011,90075985,ANE/LAC,India,IN
117011,90075986,ANE/LAC,India,IN
120889,90076090,ESA,Mozambique,MZ
119386,90076091,ESA,Lesotho,LS
119386,90076092,ESA,Lesotho,LS
117011,90076093,WCA,Madagascar,MG
117011,90076094,WCA,Madagascar,MG
117011,90076095,ESA,Mozambique,MZ
127581,90076099,WCA,Cote D'Ivoire,CI
127581,90076100,WCA,Cote D'Ivoire,CI
127646,90076161,ESA,Uganda,UG
127646,90076162,ESA,Uganda,UG
127620,90076186,ANE/LAC,India,IN
127620,90076187,ANE/LAC,India,IN
127234,90076203,ESA,Kenya,KE
127234,90076204,ESA,Kenya,KE
127632,90076205,ESA,Ethiopia,ET
127632,90076206,ESA,Ethiopia,ET
117011,90076247,WCA,Burkina-Faso,BF
117011,90076248,WCA,Burkina-Faso,BF
127620,90076302,ANE/LAC,India,IN
127620,90076303,ANE/LAC,India,IN
127234,90076325,ESA,Kenya,KE
127234,90076326,ESA,Kenya,KE
127234,90076327,ESA,Kenya,KE
127234,90076328,ESA,Kenya,KE
127234,90076329,ESA,Kenya,KE
127234,90076330,ESA,Kenya,KE
127234,90076331,ESA,Kenya,KE
127234,90076332,ESA,Kenya,KE
127234,90076333,ESA,Kenya,KE
127234,90076334,ESA,Kenya,KE
127234,90076335,ESA,Kenya,KE
127234,90076336,ESA,Kenya,KE
127234,90076337,ESA,Kenya,KE
127929,90076699,ESA,Ethiopia,ET
127929,90076700,ESA,Ethiopia,ET
127910,90076719,ESA,Kenya,KE
127910,90076720,ESA,Kenya,KE
127909,90076721,ANE/LAC,Pakistan,PK
127909,90076722,ANE/LAC,Pakistan,PK
127194,90076765,Global,USA,US
127194,90076766,Global,Zambia,ZM
127194,90076767,Global,Zambia,ZM
127194,90076769,Global,Cote D'Ivoire,CI
127194,90076770,Global,Cote D'Ivoire,CI
128005,90076804,ESA,Tanzania,TZ
128005,90076885,ESA,Tanzania,TZ
128010,90076887,ESA,Kenya,KE
128010,90076888,ESA,Kenya,KE
128133,90076982,Innovations,USA,US
128185,90077062,ESA,Namibia,NA
128185,90077063,ESA,Namibia,NA
117011,90077076,ESA,Namibia,NA
117011,90077077,ESA,Namibia,NA
128133,90077088,Innovations,Global,GL
127910,90077090,ESA,Kenya,KE
127910,90077091,ESA,Kenya,KE
127910,90077092,ESA,Kenya,KE
127910,90077093,ESA,Kenya,KE
127910,90077094,ESA,Kenya,KE
127910,90077095,ESA,Kenya,KE
127910,90077096,ESA,Kenya,KE
127910,90077097,ESA,Kenya,KE
127910,90077098,ESA,Kenya,KE
127910,90077099,ESA,Kenya,KE
117011,90077122,ESA,Tanzania,TZ
117011,90077123,ESA,Tanzania,TZ
127910,90077124,ESA,Kenya,KE
127910,90077125,ESA,Kenya,KE
127910,90077126,ESA,Kenya,KE
127910,90077127,ESA,Kenya,KE
127910,90077128,ESA,Kenya,KE
127910,90077129,ESA,Kenya,KE
127910,90077130,ESA,Kenya,KE
127910,90077131,ESA,Kenya,KE
127910,90077132,ESA,Kenya,KE
127910,90077133,ESA,Kenya,KE
127910,90077134,ESA,Kenya,KE
127910,90077135,ESA,Kenya,KE
127910,90077136,ESA,Kenya,KE
127910,90077137,ESA,Kenya,KE
127910,90077138,ESA,Kenya,KE
127910,90077139,ESA,Kenya,KE
127910,90077140,ESA,Kenya,KE
127910,90077141,ESA,Kenya,KE
127910,90077142,ESA,Kenya,KE
127910,90077143,ESA,Kenya,KE
127910,90077165,ESA,Kenya,KE
127910,90077166,ESA,Kenya,KE
127910,90077167,ESA,Kenya,KE
127910,90077168,ESA,Kenya,KE
127910,90077169,ESA,Kenya,KE
127910,90077170,ESA,Kenya,KE
127910,90077171,ESA,Kenya,KE
127910,90077172,ESA,Kenya,KE
127910,90077173,ESA,Kenya,KE
127910,90077174,ESA,Kenya,KE
127910,90077175,ESA,Kenya,KE
127910,90077176,ESA,Kenya,KE
127910,90077177,ESA,Kenya,KE
127910,90077178,ESA,Kenya,KE
127910,90077179,ESA,Kenya,KE
127910,90077180,ESA,Kenya,KE
127910,90077181,ESA,Kenya,KE
127910,90077182,ESA,Kenya,KE
127910,90077183,ESA,Kenya,KE
127910,90077184,ESA,Kenya,KE
128244,90077258,WCA,Guinea,GN
128244,90077259,WCA,Guinea,GN
128265,90077306,ANE/LAC,Myanmar,MM
128265,90077307,ANE/LAC,Myanmar,MM
125957,90077312,Global,Nigeria,NG
125957,90077313,Global,DRC,CD
123709,90077379,ESA,Kenya,KE
123709,90077380,ESA,Kenya,KE
123709,90077381,ESA,Kenya,KE
123709,90077382,ESA,Kenya,KE
123709,90077383,ESA,Kenya,KE
123709,90077384,ESA,Kenya,KE
119461,90077410,ESA,Tanzania,TZ
119461,90077411,ESA,Tanzania,TZ
125877,90077415,ESA,Malawi,MW
125877,90077416,ESA,Malawi,MW
128304,90077426,ESA,Tanzania,TZ
128304,90077427,ESA,Tanzania,TZ
128304,90077428,ESA,Tanzania,TZ
128304,90077429,ESA,Tanzania,TZ
128375,90077443,ESA,South Africa,ZA
128375,90077444,ESA,South Africa,ZA
123709,90077505,ESA,Kenya,KE
123709,90077506,ESA,Kenya,KE
123709,90077507,ESA,Kenya,KE
123709,90077508,ESA,Kenya,KE
123709,90077509,ESA,Kenya,KE
123709,90077510,ESA,Kenya,KE
123709,90077511,ESA,Kenya,KE
123709,90077512,ESA,Kenya,KE
123709,90077513,ESA,Kenya,KE
123709,90077514,ESA,Kenya,KE
123709,90077515,ESA,Kenya,KE
123709,90077516,ESA,Kenya,KE
123709,90077517,ESA,Kenya,KE
123709,90077518,ESA,Kenya,KE
123709,90077519,ESA,Kenya,KE
123709,90077520,ESA,Kenya,KE
123709,90077521,ESA,Kenya,KE
123709,90077522,ESA,Kenya,KE
120121,90077527,Global,Kenya,KE
120121,90077528,Global,Kenya,KE
120121,90077529,Global,Zambia,ZM
120121,90077530,Global,Zambia,ZM
120121,90077531,Global,South Africa,ZA
120121,90077532,Global,South Africa,ZA
122015,90077535,WCA,Guinea,GN
128474,90077564,Global,USA,US
128419,90077582,ANE/LAC,Pakistan,PK
128405,90077605,ANE/LAC,Pakistan,PK
128515,90077661,ANE/LAC,India,IN
128515,90077662,ANE/LAC,India,IN
128515,90077663,ANE/LAC,India,IN
128515,90077664,ANE/LAC,India,IN
128560,90077754,WCA,Madagascar,MG
128560,90077755,WCA,Madagascar,MG
128474,90077767,Global,India,IN
128474,90077768,Global,Pakistan,PK
128474,90077769,Global,Burkina-Faso,BF
128474,90077770,Global,DRC,CD
128474,90077771,Global,India,IN
128474,90077772,Global,Nigeria,NG
128474,90077773,Global,Pakistan,PK
128474,90077774,Global,Tanzania,TZ
128474,90077794,Global,USA,US
128568,90077808,Global,USA,US
128610,90077860,ESA,Lesotho,LS
128610,90077861,ESA,Lesotho,LS
128405,90078055,ANE/LAC,Pakistan,PK
128405,90078059,ANE/LAC,Pakistan,PK
128405,90078061,ANE/LAC,Pakistan,PK
128405,90078063,ANE/LAC,Pakistan,PK
128248,90078090,ESA,Uganda,UG
128405,90078105,ANE/LAC,Pakistan,PK
128405,90078107,ANE/LAC,Pakistan,PK
125957,90078130,Global,DRC,CD
125957,90078131,Global,Madagascar,MG
125957,90078133,Global,Nigeria,NG
119908,90078207,ESA,Zambia,ZM
120889,90078218,ESA,Mozambique,MZ
123123,90078231,Innovations,Tanzania,TZ
128891,90078389,ESA,Rwanda,RW
128921,90078395,ANE/LAC,Bangladesh,BD
128375,90078405,ESA,South Africa,ZA
128375,90078406,ESA,South Africa,ZA
128375,90078407,ESA,South Africa,ZA
128375,90078408,ESA,South Africa,ZA
128994,90078496,ESA,Ethiopia,ET
128994,90078497,ESA,Ethiopia,ET
128994,90078498,ESA,Ethiopia,ET
128994,90078499,ESA,Ethiopia,ET
118418,90078536,Global,Nigeria,NG
118418,90078537,Global,Nigeria,NG
129193,90078940,WCA,Liberia,LR
129193,90078941,WCA,Liberia,LR
129171,90078968,ANE/LAC,Myanmar,MM
129171,90078969,ANE/LAC,Myanmar,MM
120121,90079005,Global,Kenya,KE
127910,90079007,ESA,Kenya,KE
127910,90079008,ESA,Kenya,KE
127910,90079009,ESA,Kenya,KE
129242,90079062,ANE/LAC,Myanmar,MM
129242,90079064,ANE/LAC,India,IN
120121,90079271,Global,Ethiopia,ET
120121,90079272,Global,Ethiopia,ET
127299,90079273,ESA,Rwanda,RW
129491,90079384,ESA,Lesotho,LS
129489,90079438,WCA,Nigeria,NG
129489,90079439,WCA,Nigeria,NG
129491,90079441,ESA,Lesotho,LS
129491,90079442,ESA,Lesotho,LS
129545,90079470,WCA,Guinea,GN
129491,90079485,ESA,Lesotho,LS
117011,90079496,WCA,Ghana,GH
129666,90079653,WCA,Madagascar,MG
129666,90079654,WCA,Madagascar,MG
129849,90079935,ANE/LAC,India,IN
129849,90079936,ANE/LAC,India,IN
127194,90079977,Global,USA,US
129859,90079991,ANE/LAC,India,IN
129859,90079992,ANE/LAC,India,IN
129865,90080005,ESA,Ethiopia,ET
129865,90080006,ESA,Ethiopia,ET
129925,90080046,ANE/LAC,India,IN
129925,90080047,ANE/LAC,India,IN
125882,90080129,WCA,Cote D'Ivoire,CI
126877,90080264,ESA,Mozambique,MZ
130063,90080314,ANE/LAC,Philippines,PH
130063,90080315,ANE/LAC,Philippines,PH
130067,90080333,WCA,Togo,TG
130109,90080364,ESA,Namibia,NA
130144,90080375,WCA,Cote D'Ivoire,CI
130144,90080376,WCA,Cote D'Ivoire,CI
130109,90080385,ESA,Namibia,NA
126877,90080405,ESA,Mozambique,MZ
126877,90080406,ESA,Mozambique,MZ
126877,90080407,ESA,Mozambique,MZ
126877,90080408,ESA,Mozambique,MZ
126877,90080409,ESA,Mozambique,MZ
126877,90080410,ESA,Mozambique,MZ
130202,90080492,ESA,Rwanda,RW
130202,90080493,ESA,Rwanda,RW
127941,90080497,ESA,Ethiopia,ET
114805,90080498,ESA,Ethiopia,ET
130194,90080533,ESA,Ethiopia,ET
130194,90080534,ESA,Ethiopia,ET
130255,90080551,WCA,Madagascar,MG
130255,90080552,WCA,Madagascar,MG
126877,90080608,ESA,Mozambique,MZ
130278,90080662,ANE/LAC,Bangladesh,BD
130317,90080772,ESA,Zambia,ZM
130317,90080773,ESA,Zambia,ZM
130314,90080785,WCA,Nigeria,NG
130314,90080786,WCA,Nigeria,NG
123123,90080979,Innovations,Cambodia,KH
123123,90080981,ANE/LAC,Laos,LA
128568,90081002,Global,Global,US
118418,90081011,ESA,Lesotho,LS
119881,90081038,WCA,Burkina-Faso,BF
128568,90081045,Global,Kenya,KE
128568,90081046,Global,Kenya,KE
128568,90081047,Global,Ghana,GH
128568,90081048,Global,Ghana,GH
128568,90081049,Global,Cameroon,CM
128568,90081050,Global,Cameroon,CM
128568,90081051,Global,Cote D'Ivoire,CI
128568,90081052,Global,Cote D'Ivoire,CI
128568,90081053,Global,Sierra Leone,SL
128568,90081055,Global,Mali,ML
128568,90081056,Global,Mali,ML
128568,90081057,Global,Niger,NE
130496,90081095,Global,Global,US
130496,90081097,Global,Cote D'Ivoire,CI
130496,90081098,Global,DRC,CD
130496,90081100,Global,India,IN
130496,90081101,Global,Nigeria,NG
130496,90081104,Global,Uganda,UG
130504,90081128,WCA,USA,US
130504,90081131,WCA,Cote D'Ivoire,CI
130504,90081136,WCA,Togo,TG
130611,90081330,ANE/LAC,India,IN
130611,90081331,ANE/LAC,India,IN
130608,90081389,WCA,Liberia,LR
130608,90081390,WCA,Liberia,LR
130633,90081397,WCA,Guinea,GN
130633,90081398,WCA,Guinea,GN
120889,90081401,ESA,Mozambique,MZ
120889,90081402,ESA,Mozambique,MZ
128602,90081445,ESA,Ethiopia,ET
130797,90081560,ANE/LAC,India,IN
130317,90081578,ESA,Zambia,ZM
130813,90081599,ANE/LAC,India,IN
130816,90081602,Global,USA,US
122596,90081606,ANE/LAC,Nepal,NP
122596,90081607,ANE/LAC,Nepal,NP
130838,90081614,Global,USA,US
120392,90081619,ESA,Kenya,KE
118418,90081832,Global,Swaziland,SZ
130923,90081846,ANE/LAC,Myanmar,MM
130923,90081847,ANE/LAC,Myanmar,MM
130947,90081855,ANE/LAC,Myanmar,MM
130969,90081912,ANE/LAC,Myanmar,MM
130969,90081913,ANE/LAC,Myanmar,MM
131011,90081975,ESA,Kenya,KE
131006,90082010,ESA,Botswana,BW
131089,90082114,ANE/LAC,Myanmar,MM
908284,96001281,ESA,Mozambique,MZ
908107,96001439,Global,Global,US
100066,96002691,WCA,Nigeria,NG
103059,96003624,ESA,Zambia,ZM
104309,96004127,MCHIP - Core,Global,US
104309,96004128,MCHIP - Core,Global,US
104309,96004129,MCHIP - Core,Global,US
104309,96004130,MCHIP - Core,Global,US
104309,96004131,MCHIP - Core,Global,US
104309,96004132,MCHIP - Core,Global,US
104309,96004133,MCHIP - Core,Global,US
104321,96004240,ESA,Tanzania,TZ
104321,96004243,ESA,Tanzania,TZ
907797,96004262,ANE/LAC,Afghanistan,AF
103961,96004623,ESA,Tanzania,TZ
103961,96004624,ESA,Tanzania,TZ
104114,96004639,WCA,Nigeria,NG
908284,96004986,ESA,Kenya,KE
104114,96005001,WCA,Nigeria,NG
104114,96005002,WCA,Nigeria,NG
105346,96005312,ESA,Zambia,ZM
104309,96005355,MCHIP - Core,Global,US
107023,96005704,ANE/LAC,Bangladesh,BD
106291,96005829,ESA,Mozambique,MZ
106291,96005830,ESA,Mozambique,MZ
106291,96005831,ESA,Mozambique,MZ
106291,96005832,ESA,Mozambique,MZ
106291,96005833,ESA,Mozambique,MZ
105828,96005907,WCA,Cote D'Ivoire,CI
101858,96005980,ESA,Ethiopia,ET
101858,96006061,ESA,Ethiopia,ET
106291,96006072,ESA,Mozambique,MZ
106291,96006073,ESA,Mozambique,MZ
106291,96006074,ESA,Mozambique,MZ
104309,96006135,MCHIP - Core,Global,US
104309,96006136,ESA,Tanzania,TZ
101858,96006185,ESA,Ethiopia,ET
107061,96006701,ESA,Kenya,KE
106681,96006702,ESA,Kenya,KE
104309,96006780,MCHIP - Core,Global,US
104309,96006781,MCHIP - Core,Global,US
104309,96006782,MCHIP - Core,Global,US
107061,96006788,ESA,Kenya,KE
106291,96006803,ESA,Mozambique,MZ
106291,96006804,ESA,Mozambique,MZ
107061,96006821,ESA,Kenya,KE
105346,96007005,ESA,Zambia,ZM
104309,96007006,MCHIP - Core,Global,US
105346,96007044,ESA,Zambia,ZM
101858,96007604,ESA,Ethiopia,ET
109521,96007971,ESA,Kenya,KE
109521,96007983,ESA,Kenya,KE
109521,96007984,ESA,Kenya,KE
109521,96007985,ESA,Kenya,KE
109521,96007986,ESA,Kenya,KE
109521,96007987,ESA,Kenya,KE
109521,96007988,ESA,Kenya,KE
109521,96008384,ESA,Kenya,KE
109521,96008525,ESA,Kenya,KE
109521,96008526,ESA,Kenya,KE
109521,96008527,ESA,Kenya,KE
109521,96008528,ESA,Kenya,KE
109521,96008529,ESA,Kenya,KE
109521,96008530,ESA,Kenya,KE
109521,96008531,ESA,Kenya,KE
109521,96008532,ESA,Kenya,KE
109521,96008533,ESA,Kenya,KE
109521,96008534,ESA,Kenya,KE
109521,96008535,ESA,Kenya,KE
109521,96008536,ESA,Kenya,KE
109521,96008537,ESA,Kenya,KE
109521,96008538,ESA,Kenya,KE
109521,96008539,ESA,Kenya,KE
109521,96008640,ESA,Kenya,KE
109521,96008641,ESA,Kenya,KE
109521,96008642,ESA,Kenya,KE
109521,96008643,ESA,Kenya,KE
107061,96008801,ESA,Kenya,KE
107061,96008802,ESA,Kenya,KE
106681,96008807,ESA,Kenya,KE
110284,96008941,ESA,Mozambique,MZ
106681,96008942,ESA,Kenya,KE
109521,96009289,ESA,Kenya,KE
109521,96009290,ESA,Kenya,KE
109521,96009291,ESA,Kenya,KE
109521,96009292,ESA,Kenya,KE
109521,96009293,ESA,Kenya,KE
109521,96009294,ESA,Kenya,KE
109521,96009295,ESA,Kenya,KE
109521,96009296,ESA,Kenya,KE
109521,96009297,ESA,Kenya,KE
109521,96009298,ESA,Kenya,KE
109521,96009299,ESA,Kenya,KE
111280,96009308,ESA,Malawi,MW
111280,96009309,ESA,Malawi,MW
111280,96009310,ESA,Malawi,MW
109521,96009320,ESA,Kenya,KE
109521,96009321,ESA,Kenya,KE
109521,96009322,ESA,Kenya,KE
109521,96009323,ESA,Kenya,KE
104309,96009406,MCHIP - Core,Global,US
104309,96009421,MCHIP - Core,Global,US
111252,96009624,ANE/LAC,Angola,AO
109521,96009824,ESA,Kenya,KE
107061,96009880,ESA,Kenya,KE
110989,96009881,ANE/LAC,Indonesia,ID
110989,96009966,ANE/LAC,Indonesia,ID
110989,96009967,ANE/LAC,Indonesia,ID
112544,96010060,ESA,Ethiopia,ET
112544,96010120,ESA,Ethiopia,ET
112544,96010121,ESA,Ethiopia,ET
112544,96010122,ESA,Ethiopia,ET
112800,96010196,ESA,South Sudan,SD
112800,96010197,ESA,South Sudan,SD
112800,96010319,ESA,South Sudan,SD
112800,96010360,ESA,South Sudan,SD
112800,96010366,ESA,South Sudan,SD
112800,96010490,ESA,South Sudan,SD
112800,96010491,ESA,South Sudan,SD
112800,96010661,ESA,South Sudan,SD
106681,96010904,ESA,Kenya,KE
111379,96010923,Innovations,Global,GL
112800,96010991,ESA,South Sudan,SD
112800,96010992,ESA,South Sudan,SD
112800,96010993,ESA,South Sudan,SD
112800,96010994,ESA,South Sudan,SD
112800,96011031,ESA,South Sudan,SD
112800,96011032,ESA,South Sudan,SD
112800,96011033,ESA,South Sudan,SD
112800,96011034,ESA,South Sudan,SD
112800,96011035,ESA,South Sudan,SD
112800,96011036,ESA,South Sudan,SD
113759,96011106,ANE/LAC,Pakistan,PK
104309,96011241,MCHIP - Core,Global,US
104309,96011242,MCHIP - Core,Global,US
104309,96011243,MCHIP - Core,Global,US
112800,96011309,ESA,South Sudan,SD
104309,96011400,ESA,Tanzania,TZ
104309,96011401,ESA,Tanzania,TZ
104309,96011402,ESA,Tanzania,TZ
104309,96011633,MCHIP - Core,Global,US
111280,96011645,ESA,Malawi,MW
114733,96011671,WCA,Haiti,HT
105346,96011766,ESA,Zambia,ZM
114527,96011817,ANE/LAC,Pakistan,PK
104309,96011819,ESA,Lesotho,LS
114466,96011904,ANE/LAC,Philippines,PH
112544,96011940,ESA,Ethiopia,ET
115742,96012042,ESA,Kenya,KE
115742,96012043,ESA,Kenya,KE
115742,96012044,ESA,Kenya,KE
104309,96012085,ANE/LAC,Cambodia,KH
104309,96012087,ANE/LAC,Philippines,PH
114733,96012221,WCA,Haiti,HT
114733,96012222,WCA,Haiti,HT
114909,96012261,ESA,Uganda,UG
115833,96012268,ESA,Mozambique,MZ
114733,96012271,WCA,Haiti,HT
115860,96012280,ANE/LAC,Bangladesh,BD
116102,96012346,WCA,Burkina-Faso,BF
115860,96012353,ANE/LAC,Bangladesh,BD
114527,96012443,ANE/LAC,Pakistan,PK
114527,96012444,ANE/LAC,Pakistan,PK
114909,96012446,ESA,Uganda,UG
116160,96012447,Innovations,Global,GL
112800,96012449,ESA,South Sudan,SD
111453,96012515,ANE/LAC,Nepal,NP
116160,96012537,Innovations,Kenya,KE
109521,96012558,ESA,Kenya,KE
109521,96012559,ESA,Kenya,KE
116923,96012607,ANE/LAC,Yemen,YE
114527,96012608,ANE/LAC,Pakistan,PK
111379,96012648,Innovations,South Africa,ZA
104309,96012649,ESA,Namibia,NA
109521,96012713,ESA,Kenya,KE
116923,96012714,ANE/LAC,Yemen,YE
116160,96012730,Innovations,Thailand,TH
114837,96012812,Global,South Africa,ZA
114527,96012859,ANE/LAC,Pakistan,PK
109521,96012866,ESA,Kenya,KE
112800,96012899,ESA,South Sudan,SD
117011,96012960,MCSP-Core,Global - Partner,GL
117011,96012961,MCSP-Core,Global - Partner,GL
117011,96012962,MCSP-Core,Global - Partner,GL
117011,96012963,MCSP-Core,Global - Partner,GL
117011,96012964,MCSP-Core,Global - Partner,GL
117011,96012965,WCA,Haiti,HT
117011,96012966,MCSP-Core,Global - Partner,GL
117011,96012967,WCA,Haiti,HT
117011,96012968,MCSP-Core,Global - Partner,GL
117011,96012969,MCSP-Core,Global - Partner,GL
117011,96012970,WCA,Haiti,HT
117011,96012971,MCSP-Core,Global - Partner,GL
117011,96012972,MCSP-Core,Global - Partner,GL
117011,96012973,MCSP-Core,Global - Partner,GL
117011,96012974,MCSP-Core,Tanzania,TZ
117011,96012975,MCSP-Core,Myanmar,MM
116923,96012985,ANE/LAC,Yemen,YE
104309,96013029,WCA,Guinea,GN
116923,96013143,ANE/LAC,Yemen,YE
116751,96013144,ESA,Zimbabwe,ZW
117886,96013302,ESA,Zambia,ZM
115856,96013305,ESA,South Africa,ZA
111379,96013477,Innovations,Global,GL
111379,96013478,Innovations,Global,GL
111379,96013479,Innovations,Global,GL
107058,96013520,Global,Tanzania,TZ
116751,96013550,ESA,Zimbabwe,ZW
114527,96013551,ANE/LAC,Pakistan,PK
111379,96013620,Innovations,Global,GL
111379,96013621,Innovations,South Africa,ZA
111379,96013622,Innovations,Philippines,PH
114527,96013728,ANE/LAC,Pakistan,PK
114527,96013740,ANE/LAC,Pakistan,PK
114527,96013741,ANE/LAC,Pakistan,PK
114527,96013742,ANE/LAC,Pakistan,PK
114527,96013743,ANE/LAC,Pakistan,PK
114684,96013905,ANE/LAC,India,IN
114684,96013906,ANE/LAC,India,IN
119386,96013961,ESA,Lesotho,LS
117011,96013964,MCSP-Core,Global,US
117011,96013965,MCSP-Core,Global,US
117011,96013966,MCSP-Core,Global,US
117011,96013967,MCSP-Core,Global,US
117011,96013968,MCSP-Core,Global,US
117011,96013969,WCA,Nigeria,NG
117011,96013970,WCA,Nigeria,NG
117011,96013971,WCA,Nigeria,NG
117011,96013972,WCA,Nigeria,NG
117011,96013973,WCA,Haiti,HT
117011,96013974,WCA,Haiti,HT
117011,96013975,WCA,Haiti,HT
119566,96014120,WCA,Cote D'Ivoire,CI
119386,96014180,ESA,Lesotho,LS
111379,96014181,Innovations,Thailand,TH
119229,96014200,ANE/LAC,Afghanistan,AF
119229,96014201,ANE/LAC,Afghanistan,AF
119461,96014221,ESA,Tanzania,TZ
119461,96014222,ESA,Tanzania,TZ
112800,96014225,ESA,South Sudan,SD
119461,96014226,ESA,Tanzania,TZ
120194,96014253,ESA,Mozambique,MZ
120194,96014254,ESA,Mozambique,MZ
120194,96014255,ESA,Mozambique,MZ
120194,96014256,ESA,Mozambique,MZ
118418,96014444,Global,Tanzania,TZ
118418,96014445,Global,Tanzania,TZ
118418,96014446,Global,Tanzania,TZ
119908,96014506,ESA,Zambia,ZM
120889,96014646,ESA,Mozambique,MZ
120889,96014647,ESA,Mozambique,MZ
117011,96014648,WCA,Haiti,HT
117011,96014649,WCA,Haiti,HT
117011,96014650,WCA,Haiti,HT
117011,96014651,WCA,Haiti,HT
117011,96014652,WCA,Haiti,HT
117011,96014653,WCA,Haiti,HT
117011,96014654,WCA,Haiti,HT
120889,96014787,ESA,Mozambique,MZ
119015,96014802,ESA,Kenya,KE
117011,96014865,WCA,Ghana,GH
117011,96014866,WCA,Ghana,GH
117011,96014867,WCA,Ghana,GH
117011,96014868,WCA,Ghana,GH
117011,96014869,WCA,Ghana,GH
117011,96014870,WCA,Ghana,GH
117011,96014871,WCA,Ghana,GH
117011,96014872,WCA,Ghana,GH
117011,96014873,ESA,Tanzania,TZ
117011,96014874,ESA,Tanzania,TZ
117011,96014875,ESA,Tanzania,TZ
117011,96014876,ESA,Tanzania,TZ
117011,96014877,ESA,Tanzania,TZ
117011,96014878,ESA,Tanzania,TZ
117011,96014879,ESA,Tanzania,TZ
117011,96014880,ESA,Tanzania,TZ
117011,96014881,ESA,Tanzania,TZ
117011,96014882,ESA,Tanzania,TZ
118682,96014980,Innovations,Philippines,PH
117011,96015001,WCA,Nigeria,NG
117011,96015002,WCA,Nigeria,NG
119229,96015040,ANE/LAC,Afghanistan,AF
120889,96015097,ESA,Mozambique,MZ
117011,96015141,ESA,Namibia,NA
121416,96015144,Innovations,Global,GL
117011,96015167,ESA,Mozambique,MZ
119461,96015182,ESA,Tanzania,TZ
119461,96015184,ESA,Tanzania,TZ
119461,96015185,ESA,Tanzania,TZ
119461,96015186,ESA,Tanzania,TZ
119461,96015187,ESA,Tanzania,TZ
119461,96015188,ESA,Tanzania,TZ
119461,96015189,ESA,Tanzania,TZ
119461,96015190,ESA,Tanzania,TZ
119461,96015191,ESA,Tanzania,TZ
119461,96015192,ESA,Tanzania,TZ
119461,96015193,ESA,Tanzania,TZ
119461,96015194,ESA,Tanzania,TZ
119461,96015195,ESA,Tanzania,TZ
119461,96015196,ESA,Tanzania,TZ
119461,96015197,ESA,Tanzania,TZ
119461,96015432,ESA,Tanzania,TZ
119461,96015433,ESA,Tanzania,TZ
119461,96015434,ESA,Tanzania,TZ
119461,96015435,ESA,Tanzania,TZ
119461,96015436,ESA,Tanzania,TZ
119461,96015437,ESA,Tanzania,TZ
121865,96015446,ESA,Tanzania,TZ
122209,96015476,Innovations,Global,GL
117011,96015523,ESA,Tanzania,TZ
117011,96015524,ESA,Tanzania,TZ
117011,96015525,ESA,Rwanda,RW
119461,96015529,ESA,Tanzania,TZ
119461,96015530,ESA,Tanzania,TZ
119461,96015531,ESA,Tanzania,TZ
119461,96015532,ESA,Tanzania,TZ
119461,96015533,ESA,Tanzania,TZ
119461,96015640,ESA,Tanzania,TZ
117011,96015680,WCA,Ghana,GH
117011,96015681,WCA,Ghana,GH
117011,96015682,WCA,Ghana,GH
117011,96015683,WCA,Ghana,GH
117011,96015684,WCA,Ghana,GH
117011,96015685,ESA,Rwanda,RW
117011,96015686,ESA,Rwanda,RW
117011,96015687,ESA,Rwanda,RW
117011,96015882,WCA,Haiti,HT
117011,96015883,WCA,Haiti,HT
117011,96015884,WCA,Haiti,HT
117011,96015885,WCA,Haiti,HT
117011,96015886,WCA,Haiti,HT
117011,96015887,WCA,Haiti,HT
117011,96015888,WCA,Haiti,HT
117011,96015889,WCA,Haiti,HT
117011,96015890,WCA,Haiti,HT
117011,96015891,WCA,Haiti,HT
117011,96015892,WCA,Haiti,HT
117011,96015893,WCA,Haiti,HT
117011,96015894,WCA,Haiti,HT
117011,96015895,WCA,Haiti,HT
117011,96015896,WCA,Haiti,HT
117011,96015897,WCA,Haiti,HT
117011,96015898,WCA,Haiti,HT
117011,96015899,WCA,Haiti,HT
118418,96016020,Global,Tanzania,TZ
118418,96016021,Global,Tanzania,TZ
118418,96016022,Global,Tanzania,TZ
122015,96016183,WCA,Guinea,GN
118418,96016195,Global,Tanzania,TZ
118418,96016196,Global,Tanzania,TZ
122870,96016200,ESA,Tanzania,TZ
122870,96016201,ESA,Tanzania,TZ
122015,96016222,WCA,Guinea,GN
117011,96016245,WCA,Liberia,LR
117011,96016246,MCSP-Bureau,Asia Bureau,ANE
117011,96016247,MCSP-Bureau,Asia Bureau,ANE
117011,96016496,WCA,Sierra Leone,SL
121833,96016521,Global,Uganda,UG
119229,96016702,ANE/LAC,Afghanistan,AF
123309,96016722,ESA,Kenya,KE
123659,96016724,ESA,Kenya,KE
123659,96016725,ESA,Kenya,KE
123659,96016726,ESA,Kenya,KE
112544,96016752,ESA,Ethiopia,ET
112544,96016753,ESA,Ethiopia,ET
112544,96016754,ESA,Ethiopia,ET
112544,96016755,ESA,Ethiopia,ET
112544,96016756,ESA,Ethiopia,ET
112544,96016757,ESA,Ethiopia,ET
112544,96016758,ESA,Ethiopia,ET
112544,96016759,ESA,Ethiopia,ET
117011,96016760,ESA,Mozambique,MZ
117011,96016761,ESA,Mozambique,MZ
112544,96016780,ESA,Ethiopia,ET
112544,96016781,ESA,Ethiopia,ET
112544,96016782,ESA,Ethiopia,ET
112544,96016783,ESA,Ethiopia,ET
112544,96016784,ESA,Ethiopia,ET
112544,96016785,ESA,Ethiopia,ET
112544,96016786,ESA,Ethiopia,ET
112544,96016787,ESA,Ethiopia,ET
112544,96016788,ESA,Ethiopia,ET
112544,96016789,ESA,Ethiopia,ET
112544,96016790,ESA,Ethiopia,ET
112544,96016791,ESA,Ethiopia,ET
112544,96016792,ESA,Ethiopia,ET
112544,96016793,ESA,Ethiopia,ET
112544,96016794,ESA,Ethiopia,ET
112544,96016795,ESA,Ethiopia,ET
112544,96016796,ESA,Ethiopia,ET
112544,96016797,ESA,Ethiopia,ET
112544,96016798,ESA,Ethiopia,ET
112544,96016799,ESA,Ethiopia,ET
112544,96016800,ESA,Ethiopia,ET
112544,96016801,ESA,Ethiopia,ET
112544,96016802,ESA,Ethiopia,ET
112544,96016803,ESA,Ethiopia,ET
112544,96016804,ESA,Ethiopia,ET
112544,96016805,ESA,Ethiopia,ET
112544,96016806,ESA,Ethiopia,ET
112544,96016807,ESA,Ethiopia,ET
112544,96016808,ESA,Ethiopia,ET
112544,96016809,ESA,Ethiopia,ET
112544,96016810,ESA,Ethiopia,ET
112544,96016811,ESA,Ethiopia,ET
112544,96016812,ESA,Ethiopia,ET
112544,96016813,ESA,Ethiopia,ET
112544,96016814,ESA,Ethiopia,ET
112544,96016815,ESA,Ethiopia,ET
112544,96016816,ESA,Ethiopia,ET
112544,96016817,ESA,Ethiopia,ET
112544,96016818,ESA,Ethiopia,ET
112544,96016819,ESA,Ethiopia,ET
112544,96016820,ESA,Ethiopia,ET
124916,96016894,Innovations,Philippines,PH
119229,96016901,ANE/LAC,Afghanistan,AF
113800,96017023,ESA,Kenya,KE
113800,96017024,ESA,Kenya,KE
113800,96017025,ESA,Kenya,KE
113800,96017026,ESA,Kenya,KE
112544,96017030,ESA,Ethiopia,ET
112544,96017031,ESA,Ethiopia,ET
112544,96017032,ESA,Ethiopia,ET
117011,96017050,ANE/LAC,India,IN
117011,96017059,MCSP-Core,Global,US
115856,96017076,ESA,South Africa,ZA
117011,96017123,MCSP-Core,Global,US
124647,96017124,ESA,Tanzania,TZ
124647,96017125,ESA,Tanzania,TZ
115860,96017172,ANE/LAC,Bangladesh,BD
117011,96017241,ESA,Rwanda,RW
124711,96017340,Global,Global,GL
123709,96017410,ESA,Kenya,KE
117011,96017420,ANE/LAC,Indonesia,ID
117011,96017421,ANE/LAC,Indonesia,ID
125957,96017500,Global,Global,US
117011,96017522,WCA,Ghana,GH
125882,96017560,WCA,Cote D'Ivoire,CI
120889,96017561,ESA,Mozambique,MZ
119229,96017737,ANE/LAC,Afghanistan,AF
119229,96017738,ANE/LAC,Afghanistan,AF
118418,96017861,Global,Tanzania,TZ
118418,96017862,Global,Tanzania,TZ
118418,96017863,Global,Tanzania,TZ
118418,96017864,Global,Tanzania,TZ
118418,96017865,Global,Tanzania,TZ
118418,96017866,Global,Tanzania,TZ
123659,96017930,ESA,Kenya,KE
123659,96017931,ESA,Kenya,KE
123659,96017932,ESA,Kenya,KE
125363,96017959,Global,Indonesia,ID
127002,96018020,ANE/LAC,Myanmar,MM
127002,96018021,ANE/LAC,Myanmar,MM
127002,96018022,ANE/LAC,Myanmar,MM
127002,96018023,ANE/LAC,Myanmar,MM
123659,96018125,ESA,Kenya,KE
123659,96018126,ESA,Kenya,KE
125877,96018145,ESA,Malawi,MW
122015,96018148,WCA,Guinea,GN
122015,96018149,WCA,Guinea,GN
122015,96018150,WCA,Guinea,GN
122015,96018151,WCA,Guinea,GN
122015,96018152,WCA,Guinea,GN
127234,96018206,ESA,Kenya,KE
127234,96018207,ESA,Kenya,KE
125882,96018300,WCA,Cote D'Ivoire,CI
125882,96018301,WCA,Cote D'Ivoire,CI
125882,96018302,WCA,Cote D'Ivoire,CI
125882,96018303,WCA,Cote D'Ivoire,CI
125882,96018304,WCA,Cote D'Ivoire,CI
125882,96018305,WCA,Cote D'Ivoire,CI
119229,96018313,ANE/LAC,Afghanistan,AF
119229,96018314,ANE/LAC,Afghanistan,AF
117011,96018337,WCA,Liberia,LR
117011,96018338,ANE/LAC,Pakistan,PK
117011,96018361,ESA,Uganda,UG
127020,96018373,Global,Switzerland,CH
127020,96018374,Global,India,IN
120889,96018380,ESA,Mozambique,MZ
120889,96018381,ESA,Mozambique,MZ
119229,96018496,ANE/LAC,Afghanistan,AF
127910,96018527,ESA,Kenya,KE
127910,96018528,ESA,Kenya,KE
127910,96018529,ESA,Kenya,KE
119229,96018563,ANE/LAC,Afghanistan,AF
120020,96018605,ESA,Botswana,BW
125882,96018616,WCA,Cote D'Ivoire,CI
123709,96018693,ESA,Kenya,KE
123709,96018694,ESA,Kenya,KE
123709,96018695,ESA,Kenya,KE
123709,96018696,ESA,Kenya,KE
123709,96018697,ESA,Kenya,KE
123709,96018698,ESA,Kenya,KE
123709,96018699,ESA,Kenya,KE
119461,96018727,ESA,Tanzania,TZ
113800,96018728,ESA,Kenya,KE
119229,96018757,ANE/LAC,Afghanistan,AF
123709,96018760,ESA,Kenya,KE
123709,96018761,ESA,Kenya,KE
123709,96018762,ESA,Kenya,KE
123709,96018763,ESA,Kenya,KE
123709,96018764,ESA,Kenya,KE
123709,96018765,ESA,Kenya,KE
123709,96018766,ESA,Kenya,KE
117011,96018822,MCSP,Trinidad and Tobago,TT
117011,96018823,MCSP-Core,Trinidad and Tobago,TT
117011,96018824,MCSP,Grenada,GD
117011,96018825,MCSP,Grenada,GD
127620,96018863,ANE/LAC,India,IN
127002,96019001,ANE/LAC,Myanmar,MM
118418,96019040,Global,Tanzania,TZ
118418,96019041,Global,Tanzania,TZ
118418,96019042,Global,Tanzania,TZ
118418,96019043,Global,Tanzania,TZ
118418,96019044,Global,Tanzania,TZ
118418,96019045,Global,Tanzania,TZ
118418,96019046,Global,Tanzania,TZ
118418,96019047,Global,Tanzania,TZ
128375,96019107,ESA,South Africa,ZA
128375,96019108,ESA,South Africa,ZA
128375,96019109,ESA,South Africa,ZA
118224,96019162,ANE/LAC,Myanmar,MM
128375,96019171,ESA,South Africa,ZA
120121,96019174,Global,South Africa,ZA
123123,96019257,Innovations,Tanzania,TZ
117011,96019268,MCSP-Core,Guatemala,GT
128375,96019285,ESA,South Africa,ZA
128375,96019364,ESA,South Africa,ZA
125882,96019432,WCA,Cote D'Ivoire,CI
125882,96019433,WCA,Cote D'Ivoire,CI
125882,96019434,WCA,Cote D'Ivoire,CI
125882,96019435,WCA,Cote D'Ivoire,CI
125882,96019436,WCA,Cote D'Ivoire,CI
125882,96019437,WCA,Cote D'Ivoire,CI
125882,96019438,WCA,Cote D'Ivoire,CI
125882,96019439,WCA,Cote D'Ivoire,CI
117011,96019462,WCA,Liberia,LR
117011,96019463,WCA,Liberia,LR
117011,96019464,WCA,Liberia,LR
117011,96019465,WCA,Liberia,LR
124647,96019466,ESA,Tanzania,TZ
124647,96019467,ESA,Tanzania,TZ
124647,96019468,ESA,Tanzania,TZ
124647,96019469,ESA,Tanzania,TZ
124647,96019470,ESA,Tanzania,TZ
124647,96019471,ESA,Tanzania,TZ
124647,96019472,ESA,Tanzania,TZ
124647,96019473,ESA,Tanzania,TZ
124647,96019474,ESA,Tanzania,TZ
124647,96019475,ESA,Tanzania,TZ
124647,96019476,ESA,Tanzania,TZ
124647,96019477,ESA,Tanzania,TZ
125882,96019480,WCA,Cote D'Ivoire,CI
125882,96019481,WCA,Cote D'Ivoire,CI
125882,96019482,WCA,Cote D'Ivoire,CI
125882,96019483,WCA,Cote D'Ivoire,CI
120889,96019537,ESA,Mozambique,MZ
127194,96019555,Global,USA,US
119386,96019604,ESA,Lesotho,LS
119386,96019605,ESA,Lesotho,LS
119386,96019606,ESA,Lesotho,LS
119386,96019607,ESA,Lesotho,LS
119386,96019608,ESA,Lesotho,LS
127194,96019811,Global,USA,US
122015,96019831,WCA,Guinea,GN
127194,96019880,Global,USA,US
120889,96019943,ESA,Mozambique,MZ
120121,96019944,Global,USA,US
128375,96020020,ESA,South Africa,ZA
128375,96020021,ESA,South Africa,ZA
128375,96020022,ESA,South Africa,ZA
119386,96020034,ESA,Lesotho,LS
119386,96020035,ESA,Lesotho,LS
119386,96020036,ESA,Lesotho,LS
130496,96020043,Global,India,IN
123709,96020160,ESA,Kenya,KE
123709,96020188,ESA,Kenya,KE
123709,96020189,ESA,Kenya,KE
123709,96020191,ESA,Kenya,KE
120901,90081872,ESA,Botswana,BW
123659,90081804,ESA,Kenya,KE
123659,90081825,ESA,Kenya,KE
123659,90081826,ESA,Kenya,KE
123709,96020320,ESA,Kenya,KE
123709,96020321,ESA,Kenya,KE
123709,96020322,ESA,Kenya,KE
123709,96020323,ESA,Kenya,KE
125877,96020228,ESA,Malawi,MW
128248,96020262,ESA,Kenya,KE
128248,96020281,ESA,Kenya,KE
128248,96020282,ESA,Kenya,KE
128248,96020283,ESA,Kenya,KE
128248,96020284,ESA,Kenya,KE
128248,96020285,ESA,Kenya,KE
128248,96020286,ESA,Kenya,KE
128248,96020287,ESA,Kenya,KE
128248,96020288,ESA,Kenya,KE
128248,96020289,ESA,Kenya,KE
128248,96020290,ESA,Kenya,KE
128248,96020291,ESA,Kenya,KE
128248,96020292,ESA,Kenya,KE
128248,96020293,ESA,Kenya,KE
128248,96020294,ESA,Kenya,KE
128248,96020295,ESA,Kenya,KE
128248,96020296,ESA,Kenya,KE
128248,96020297,ESA,Kenya,KE
128248,96020298,ESA,Kenya,KE
128248,96020299,ESA,Kenya,KE
128248,96020324,ESA,Kenya,KE
128248,96020325,ESA,Kenya,KE
128248,96020344,ESA,Kenya,KE
128248,96020345,ESA,Kenya,KE
128248,96020360,ESA,Kenya,KE
128375,96020229,ESA,South Africa,ZA
128375,96020230,ESA,South Africa,ZA
128375,96020231,ESA,South Africa,ZA
128474,90081999,Global,Burkina-Faso,BF
128474,90082002,Global,Tanzania,TZ
128568,90081004,Global,Kenya,KE
128921,90078396,ANE/LAC,Bangladesh,BD
130278,90080663,ANE/LAC,Bangladesh,BD
130317,90081573,ESA,Zambia,ZM
130317,90081574,ESA,Zambia,ZM
130317,90081575,ESA,Zambia,ZM
130317,90081576,ESA,Zambia,ZM
130317,90081577,ESA,Zambia,ZM
130496,90081096,Global,Burkina-Faso,BF
130496,90081605,Global,Kenya,KE
130496,96020157,Global,Uganda,UG
130496,96020183,Global,Nigeria,NG
130496,96020184,Global,DRC,CD
130504,90081129,WCA,Burkina-Faso,BF
130504,90081132,WCA,Guinea,GN
130797,90081561,ANE/LAC,India,IN
130813,90081600,ANE/LAC,India,IN
130816,90081603,Global,USA,US
130816,90081604,Global,Cote D'Ivoire,CI
130816,90081665,Global,Cote D'Ivoire,CI
130816,90081667,Global,Liberia,LB
130816,90081668,Global,Tanzania,TZ
130816,90081670,Global,Zambia,ZM
130816,90081671,Global,Zambia,ZM
130816,90081967,Global,Cote D'Ivoire,CI
130816,90081968,Global,Cote D'Ivoire,CI
130816,90081973,Global,Zambia,ZM
131006,90082011,ESA,Botswana,BW
131012,90081977,ESA,Kenya,KE
131089,90082115,ANE/LAC,Myanmar,MM
131217,90082405,WCA,Nigeria,NG
131270,90082399,ESA,Ethiopia,ET
131345,90082523,ANE/LAC,India,IN
117011,90082637,MCSP-Core,USA,US
117011,90082638,WCA,Liberia,LR
117011,90082640,ANE/LAC,India,IN
117011,90082642,WCA,Madagascar,MG
117011,90082644,ANE/LAC,Guatemala,GT
122015,90082521,WCA,Guinea,GN
124647,90082635,ESA,Tanzania,TZ
125957,90077311,Global,Madagascar,MG
127194,90082553,Global,Ghana,GH
128375,96020331,ESA,South Africa,ZA
128375,96020332,ESA,South Africa,ZA
128375,96020334,ESA,South Africa,ZA
128405,90082450,ANE/LAC,Pakistan,PK
128405,90082451,ANE/LAC,Pakistan,PK
128474,90082000,Global,DRC,CD
128474,90082001,Global,Nigeria,NG
130067,90080334,WCA,Togo,TG
130314,96020337,WCA,Nigeria,NG
130314,96020338,WCA,Nigeria,NG
130496,90081186,Global,Niger,NE
130496,96020162,Global,Niger,NE
130496,96020167,Global,Burkina-Faso,BF
130816,90081666,Global,Liberia,LB
131217,90082406,WCA,Nigeria,NG
131310,90082462,ESA,Botswana,BW
131345,90082524,ANE/LAC,India,IN
131415,90082666,Global,USA,US
131496,90082866,ESA,Tanzania,TZ
130816,90081669,ESA,Tanzania,TZ
120392,96020232,ESA,South Sudan,SS
122015,90082522,WCA,Guinea,GN
125160,90082911,ESA,Tanzania,TZ
125877,90083446,ESA,Malawi,MW
125882,96020520,WCA,Cote D'Ivoire,CI
125882,96020521,WCA,Cote D'Ivoire,CI
125882,96020522,WCA,Cote D'Ivoire,CI
125882,96020523,WCA,Cote D'Ivoire,CI
125882,96020524,WCA,Cote D'Ivoire,CI
125882,96020525,WCA,Cote D'Ivoire,CI
125882,96020526,WCA,Cote D'Ivoire,CI
126998,90074973,ANE/LAC,Pakistan,PK
128375,96020333,ESA,Zambia,ZA
128375,96020335,ESA,Zambia,ZA
128375,96020336,ESA,Zambia,ZA
128405,90082449,ANE/LAC,Pakistan,PK
130504,90081130,WCA,Benin,BJ
130504,90081133,WCA,Mali,ML
130504,90081134,WCA,Mauritania,MR
130504,90081135,WCA,Niger,NE
130816,90081971,ESA,Tanzania,TZ
130947,90081856,ANE/LAC,Myanmar,MM
131200,90082253,ANE/LAC,India,IN
131270,90082398,ESA,Ethiopia,ET
131310,90082461,ESA,Botswana,BW
131498,90082870,WCA,Burkina-Faso,BF
131645,90083021,WCA,Nigeria,NG
